sector,camera,ccd,cut,objid,eventid,label,sorted_list
55,1,1,1,201,1,Flare,found_flares
55,1,1,1,1204,1,Flare,found_flares
55,1,1,2,271,2,Flare,found_flares
55,1,1,2,909,1,Flare,found_flares
55,1,1,3,1196,1,Systematic,found_flares
55,1,1,3,1207,1,Systematic,found_flares
55,1,1,5,1038,1,Flare,found_flares
55,1,1,6,403,1,Flare,found_flares
55,1,1,8,103,7,Flare,found_flares
55,1,1,8,219,1,Flare,found_flares
55,1,1,8,219,2,Flare,found_flares
55,1,1,9,764,3,Flare,found_flares
55,1,1,10,286,4,Flare,found_flares
55,1,1,13,669,1,Flare,found_flares
55,1,1,14,279,1,Flare,found_flares
55,1,1,14,279,2,Flare,found_flares
55,1,1,15,75,1,Flare,found_flares
55,1,1,15,642,1,Flare,found_flares
55,1,1,16,504,2,Flare,found_flares
55,1,1,16,650,1,Flare,found_flares
55,1,1,17,47,3,Flare,found_flares
55,1,1,18,204,4,Flare,found_flares
55,1,1,18,225,3,Flare,found_flares
55,1,1,18,225,4,Flare,found_flares
55,1,1,18,225,6,Flare,found_flares
55,1,1,18,320,1,Flare,found_flares
55,1,1,20,179,2,Flare,found_flares
55,1,1,20,179,3,Flare,found_flares
55,1,1,21,144,7,Flare,found_flares
55,1,1,21,285,1,Flare,found_flares
55,1,1,21,471,4,Flare,found_flares
55,1,1,21,926,1,CosmicRay,found_flares
55,1,1,22,150,1,Flare,found_flares
55,1,1,24,80,3,Flare,found_flares
55,1,1,25,1039,1,Flare,found_flares
55,1,1,27,211,2,Flare,found_flares
55,1,1,28,801,1,Flare,found_flares
55,1,1,28,801,2,Flare,found_flares
55,1,1,29,96,43,Flare,found_flares
55,1,1,29,925,1,Flare,found_flares
55,1,1,30,281,1,Flare,found_flares
55,1,1,30,536,1,Flare,found_flares
55,1,1,30,536,2,Flare,found_flares
55,1,1,30,663,1,Flare,found_flares
55,1,1,31,315,3,Flare,found_flares
55,1,1,31,1373,1,Flare,found_flares
55,1,1,33,188,1,Flare,found_flares
55,1,1,33,558,1,Flare,found_flares
55,1,1,34,87,3,Flare,found_flares
55,1,1,34,548,1,Flare,found_flares
55,1,1,34,780,1,Flare,found_flares
55,1,1,35,818,1,Flare,found_flares
55,1,1,35,842,1,Flare,found_flares
55,1,1,36,18,6,Flare,found_flares
55,1,1,36,766,1,Flare,found_flares
55,1,1,36,905,2,Flare,found_flares
55,1,1,37,845,1,Flare,found_flares
55,1,1,39,230,1,Flare,found_flares
55,1,1,40,690,1,Flare,found_flares
55,1,1,41,241,1,Flare,found_flares
55,1,1,41,244,3,Flare,found_flares
55,1,1,41,358,4,Flare,found_flares
55,1,1,42,918,1,Flare,found_flares
55,1,1,44,9,16,Flare,found_flares
55,1,1,44,789,2,Flare,found_flares
55,1,1,44,846,1,Flare,found_flares
55,1,1,46,657,1,Flare,found_flares
55,1,1,46,1011,1,Flare,found_flares
55,1,1,46,1278,1,Flare,found_flares
55,1,1,49,80,3,Flare,found_flares
55,1,1,49,80,7,Flare,found_flares
55,1,1,49,135,2,Flare,found_flares
55,1,1,49,135,3,Flare,found_flares
55,1,1,49,687,1,Flare,found_flares
55,1,1,51,881,1,Flare,found_flares
55,1,1,52,819,1,Flare,found_flares
55,1,1,52,823,1,Flare,found_flares
55,1,1,53,403,1,Flare,found_flares
55,1,1,53,1180,1,Flare,found_flares
55,1,1,54,267,1,Flare,found_flares
55,1,1,55,100,1,Flare,found_flares
55,1,1,55,258,2,Flare,found_flares
55,1,1,56,77,1,Flare,found_flares
55,1,1,56,82,2,Flare,found_flares
55,1,1,56,563,1,Flare,found_flares
55,1,1,60,88,1,Flare,found_flares
55,1,1,62,449,2,Flare,found_flares
55,1,1,62,907,1,Flare,found_flares
55,1,1,64,544,1,Flare,found_flares
55,1,1,64,1487,1,Flare,found_flares
55,1,2,1,486,2,Flare,found_flares
55,1,2,2,99,1,Flare,found_flares
55,1,2,2,751,1,Flare,found_flares
55,1,2,2,914,1,Flare,found_flares
55,1,2,3,479,2,Flare,found_flares
55,1,2,3,884,1,Flare,found_flares
55,1,2,4,261,1,Flare,found_flares
55,1,2,4,406,2,Flare,found_flares
55,1,2,4,752,1,Flare,found_flares
55,1,2,5,1149,1,Flare,found_flares
55,1,2,6,279,1,Flare,found_flares
55,1,2,6,932,1,Flare,found_flares
55,1,2,7,1419,2,Flare,found_flares
55,1,2,7,1426,1,Flare,found_flares
55,1,2,8,1843,1,Flare,found_flares
55,1,2,9,1109,1,Flare,found_flares
55,1,2,10,413,2,Flare,found_flares
55,1,2,10,826,2,Flare,found_flares
55,1,2,11,855,1,Flare,found_flares
55,1,2,12,93,43,Flare,found_flares
55,1,2,12,330,1,Flare,found_flares
55,1,2,12,345,1,Flare,found_flares
55,1,2,12,658,1,Flare,found_flares
55,1,2,13,159,2,Flare,found_flares
55,1,2,13,174,6,Flare,found_flares
55,1,2,13,174,8,Flare,found_flares
55,1,2,13,722,2,CosmicRay,found_flares
55,1,2,13,722,4,Flare,found_flares
55,1,2,14,458,2,Flare,found_flares
55,1,2,15,336,2,Flare,found_flares
55,1,2,17,415,2,Flare,found_flares
55,1,2,17,843,1,Flare,found_flares
55,1,2,17,861,1,Flare,found_flares
55,1,2,17,916,1,Flare,found_flares
55,1,2,18,116,2,Flare,found_flares
55,1,2,18,152,3,Flare,found_flares
55,1,2,18,746,1,Flare,found_flares
55,1,2,18,830,1,Flare,found_flares
55,1,2,19,78,4,Flare,found_flares
55,1,2,19,171,1,Flare,found_flares
55,1,2,19,191,1,Flare,found_flares
55,1,2,19,879,1,Flare,found_flares
55,1,2,19,911,1,Flare,found_flares
55,1,2,21,382,4,Flare,found_flares
55,1,2,21,656,2,Flare,found_flares
55,1,2,22,1130,2,Flare,found_flares
55,1,2,23,198,4,Flare,found_flares
55,1,2,23,375,1,Flare,found_flares
55,1,2,25,576,1,Flare,found_flares
55,1,2,27,35,17,Flare,found_flares
55,1,2,28,41,4,Flare,found_flares
55,1,2,28,85,18,Flare,found_flares
55,1,2,28,112,2,Flare,found_flares
55,1,2,32,23,10,Flare,found_flares
55,1,2,32,886,2,Flare,found_flares
55,1,2,32,890,1,Flare,found_flares
55,1,2,32,989,1,Flare,found_flares
55,1,2,33,786,2,Flare,found_flares
55,1,2,34,107,3,Flare,found_flares
55,1,2,34,328,2,Flare,found_flares
55,1,2,35,877,1,Flare,found_flares
55,1,2,35,905,1,Flare,found_flares
55,1,2,36,921,1,Flare,found_flares
55,1,2,37,1744,1,Flare,found_flares
55,1,2,38,280,1,Flare,found_flares
55,1,2,38,798,1,Flare,found_flares
55,1,2,39,407,1,Flare,found_flares
55,1,2,39,407,2,CosmicRay,found_flares
55,1,2,39,627,1,Flare,found_flares
55,1,2,40,391,7,Flare,found_flares
55,1,2,40,627,1,Flare,found_flares
55,1,2,41,555,1,Flare,found_flares
55,1,2,41,713,1,Flare,found_flares
55,1,2,42,340,2,Flare,found_flares
55,1,2,42,342,1,Flare,found_flares
55,1,2,43,685,2,Flare,found_flares
55,1,2,44,129,1,Flare,found_flares
55,1,2,44,783,1,Flare,found_flares
55,1,2,44,1066,1,Flare,found_flares
55,1,2,45,174,1,Flare,found_flares
55,1,2,46,201,3,Flare,found_flares
55,1,2,46,201,7,Flare,found_flares
55,1,2,46,363,1,Flare,found_flares
55,1,2,46,1248,1,Flare,found_flares
55,1,2,47,321,4,Flare,found_flares
55,1,2,47,465,2,Flare,found_flares
55,1,2,48,1197,1,Flare,found_flares
55,1,2,49,550,1,Flare,found_flares
55,1,2,49,592,2,Flare,found_flares
55,1,2,49,1682,1,Flare,found_flares
55,1,2,51,447,1,Flare,found_flares
55,1,2,52,271,1,Flare,found_flares
55,1,2,53,206,2,Flare,found_flares
55,1,2,53,395,3,Flare,found_flares
55,1,2,53,569,1,Flare,found_flares
55,1,2,54,816,3,Flare,found_flares
55,1,2,55,1261,1,Flare,found_flares
55,1,2,57,435,1,Flare,found_flares
55,1,2,58,1042,1,Flare,found_flares
55,1,2,61,545,1,Flare,found_flares
55,1,2,64,296,1,Flare,found_flares
55,1,2,64,416,1,Flare,found_flares
55,1,2,64,649,1,Flare,found_flares
55,1,2,64,652,1,Flare,found_flares
55,1,3,4,1546,1,Flare,found_flares
55,1,3,4,1965,1,Flare,found_flares
55,1,3,8,77,17,Flare,found_flares
55,1,3,8,1169,1,Flare,found_flares
55,1,3,9,365,1,Flare,found_flares
55,1,3,9,439,1,Flare,found_flares
55,1,3,10,127,1,Flare,found_flares
55,1,3,10,552,1,Flare,found_flares
55,1,3,11,1121,1,Flare,found_flares
55,1,3,12,512,1,Flare,found_flares
55,1,3,12,739,2,Flare,found_flares
55,1,3,17,238,1,Flare,found_flares
55,1,3,17,1311,1,Flare,found_flares
55,1,3,19,1440,1,Flare,found_flares
55,1,3,20,193,5,Flare,found_flares
55,1,3,20,736,1,Flare,found_flares
55,1,3,21,402,1,Flare,found_flares
55,1,3,22,214,1,Flare,found_flares
55,1,3,22,836,1,Flare,found_flares
55,1,3,23,1161,1,Flare,found_flares
55,1,3,24,519,1,Flare,found_flares
55,1,3,24,615,1,Flare,found_flares
55,1,3,24,615,2,Flare,found_flares
55,1,3,24,1031,1,Flare,found_flares
55,1,3,26,40,56,Flare,found_flares
55,1,3,26,368,2,Flare,found_flares
55,1,3,27,1574,1,Flare,found_flares
55,1,3,28,314,1,Flare,found_flares
55,1,3,28,314,2,Flare,found_flares
55,1,3,28,2074,1,Flare,found_flares
55,1,3,31,220,1,Flare,found_flares
55,1,3,33,147,3,Flare,found_flares
55,1,3,34,845,2,Flare,found_flares
55,1,3,34,1408,1,Flare,found_flares
55,1,3,35,4,20,Flare,found_flares
55,1,3,35,222,1,Flare,found_flares
55,1,3,36,417,1,Flare,found_flares
55,1,3,36,1459,1,Flare,found_flares
55,1,3,37,623,2,Flare,found_flares
55,1,3,37,1639,1,Flare,found_flares
55,1,3,37,2976,1,Flare,found_flares
55,1,3,37,3208,1,Flare,found_flares
55,1,3,40,1435,1,Flare,found_flares
55,1,3,42,520,3,Flare,found_flares
55,1,3,44,204,3,Flare,found_flares
55,1,3,44,236,1,Flare,found_flares
55,1,3,47,196,3,Flare,found_flares
55,1,3,47,278,1,Flare,found_flares
55,1,3,48,330,4,Flare,found_flares
55,1,3,48,1326,1,Flare,found_flares
55,1,3,48,1681,1,Flare,found_flares
55,1,3,50,321,1,Flare,found_flares
55,1,3,50,780,1,Flare,found_flares
55,1,3,51,310,1,Flare,found_flares
55,1,3,52,376,1,Flare,found_flares
55,1,3,53,983,1,Flare,found_flares
55,1,3,53,1081,1,Flare,found_flares
55,1,3,54,1607,1,Flare,found_flares
55,1,3,59,873,1,Flare,found_flares
55,1,3,61,104,1,Flare,found_flares
55,1,3,61,346,4,Flare,found_flares
55,1,3,61,346,5,Flare,found_flares
55,1,3,61,346,7,Flare,found_flares
55,1,3,62,641,2,Flare,found_flares
55,1,3,62,927,1,Flare,found_flares
55,1,3,63,979,2,Flare,found_flares
55,1,3,64,217,2,Flare,found_flares
55,1,3,64,1113,3,Flare,found_flares
55,1,4,12,898,1,Flare,found_flares
55,1,4,12,898,2,Flare,found_flares
55,1,4,13,156,1,Flare,found_flares
55,1,4,13,387,8,Flare,found_flares
55,1,4,13,387,9,Flare,found_flares
55,1,4,13,682,1,Flare,found_flares
55,1,4,15,1358,1,Flare,found_flares
55,1,4,18,185,1,Flare,found_flares
55,1,4,18,500,1,Flare,found_flares
55,1,4,19,638,2,Flare,found_flares
55,1,4,20,296,1,Flare,found_flares
55,1,4,20,384,1,Flare,found_flares
55,1,4,20,946,1,Flare,found_flares
55,1,4,22,130,1,Flare,found_flares
55,1,4,22,130,4,Flare,found_flares
55,1,4,23,45,1,Flare,found_flares
55,1,4,23,1003,1,Flare,found_flares
55,1,4,24,93,1,Flare,found_flares
55,1,4,25,157,1,Flare,found_flares
55,1,4,25,1027,1,Flare,found_flares
55,1,4,26,57,16,Flare,found_flares
55,1,4,26,1443,1,Flare,found_flares
55,1,4,26,1524,1,Flare,found_flares
55,1,4,27,1069,1,Flare,found_flares
55,1,4,29,142,1,Flare,found_flares
55,1,4,30,1015,1,Flare,found_flares
55,1,4,35,144,1,Flare,found_flares
55,1,4,36,1308,1,Flare,found_flares
55,1,4,37,289,3,Flare,found_flares
55,1,4,39,109,1,Flare,found_flares
55,1,4,41,42,6,Flare,found_flares
55,1,4,42,1391,1,Flare,found_flares
55,1,4,45,147,1,Flare,found_flares
55,1,4,46,225,1,Flare,found_flares
55,1,4,47,415,2,Flare,found_flares
55,1,4,48,630,1,Flare,found_flares
55,1,4,49,1399,1,Flare,found_flares
55,1,4,51,518,1,Flare,found_flares
55,1,4,52,268,3,Flare,found_flares
55,1,4,52,438,1,Flare,found_flares
55,1,4,53,481,1,Flare,found_flares
55,1,4,56,161,1,Flare,found_flares
55,1,4,56,182,1,Flare,found_flares
55,1,4,57,464,1,Flare,found_flares
55,1,4,57,645,2,Flare,found_flares
55,1,4,57,1088,1,Flare,found_flares
55,1,4,59,130,2,Flare,found_flares
55,1,4,61,1039,1,Flare,found_flares
55,1,4,63,788,1,Flare,found_flares
55,1,4,64,728,1,Flare,found_flares
55,2,1,1,382,1,Flare,found_flares
55,2,1,2,583,1,Flare,found_flares
55,2,1,2,1494,1,Flare,found_flares
55,2,1,4,530,1,Flare,found_flares
55,2,1,4,585,9,Flare,found_flares
55,2,1,4,1332,2,Flare,found_flares
55,2,1,6,1375,1,Flare,found_flares
55,2,1,6,1474,1,Flare,found_flares
55,2,1,6,1576,1,Flare,found_flares
55,2,1,8,690,2,Flare,found_flares
55,2,1,9,605,3,Flare,found_flares
55,2,1,9,605,4,Flare,found_flares
55,2,1,9,731,1,Flare,found_flares
55,2,1,9,932,1,Flare,found_flares
55,2,1,9,1049,1,Flare,found_flares
55,2,1,9,1049,2,Flare,found_flares
55,2,1,9,1327,1,Flare,found_flares
55,2,1,11,1543,1,Flare,found_flares
55,2,1,13,126,6,Flare,found_flares
55,2,1,13,407,120,Flare,found_flares
55,2,1,13,777,3,Flare,found_flares
55,2,1,13,1428,1,Flare,found_flares
55,2,1,14,1729,1,Flare,found_flares
55,2,1,14,1760,1,Flare,found_flares
55,2,1,15,164,8,Flare,found_flares
55,2,1,16,1566,1,Flare,found_flares
55,2,1,16,1680,1,Flare,found_flares
55,2,1,17,1153,1,Flare,found_flares
55,2,1,20,701,4,Flare,found_flares
55,2,1,21,661,7,Flare,found_flares
55,2,1,22,552,2,Flare,found_flares
55,2,1,22,687,1,Flare,found_flares
55,2,1,23,502,1,Flare,found_flares
55,2,1,25,61,5,Flare,found_flares
55,2,1,25,757,2,Flare,found_flares
55,2,1,25,1068,1,Flare,found_flares
55,2,1,25,1170,1,Flare,found_flares
55,2,1,26,577,1,Flare,found_flares
55,2,1,27,1008,1,Flare,found_flares
55,2,1,27,1398,1,Flare,found_flares
55,2,1,28,779,3,Flare,found_flares
55,2,1,28,988,1,Flare,found_flares
55,2,1,29,447,8,Flare,found_flares
55,2,1,29,804,2,Flare,found_flares
55,2,1,29,971,1,Flare,found_flares
55,2,1,30,705,2,Flare,found_flares
55,2,1,30,906,1,Flare,found_flares
55,2,1,31,902,3,Flare,found_flares
55,2,1,32,1101,1,Flare,found_flares
55,2,1,32,1473,1,Flare,found_flares
55,2,1,32,2033,1,Flare,found_flares
55,2,1,34,530,1,Flare,found_flares
55,2,1,36,341,1,Flare,found_flares
55,2,1,36,1125,1,Flare,found_flares
55,2,1,36,1136,1,Flare,found_flares
55,2,1,36,1379,1,Flare,found_flares
55,2,1,37,1613,1,Flare,found_flares
55,2,1,38,154,3,Flare,found_flares
55,2,1,38,785,1,Flare,found_flares
55,2,1,38,844,7,Flare,found_flares
55,2,1,39,848,1,Flare,found_flares
55,2,1,41,818,3,Flare,found_flares
55,2,1,41,1017,1,Flare,found_flares
55,2,1,42,1301,1,Flare,found_flares
55,2,1,43,485,1,Flare,found_flares
55,2,1,43,579,1,Flare,found_flares
55,2,1,43,583,1,Flare,found_flares
55,2,1,44,615,1,Flare,found_flares
55,2,1,44,615,3,Flare,found_flares
55,2,1,44,1241,1,Flare,found_flares
55,2,1,44,1334,1,Flare,found_flares
55,2,1,45,786,2,Flare,found_flares
55,2,1,45,855,1,Flare,found_flares
55,2,1,46,341,1,Flare,found_flares
55,2,1,46,611,77,Flare,found_flares
55,2,1,46,1670,1,Flare,found_flares
55,2,1,48,664,1,Flare,found_flares
55,2,1,48,1501,2,Flare,found_flares
55,2,1,48,1531,2,Flare,found_flares
55,2,1,49,900,1,Flare,found_flares
55,2,1,50,855,3,Flare,found_flares
55,2,1,52,44,2,Flare,found_flares
55,2,1,52,554,2,Flare,found_flares
55,2,1,52,988,1,Flare,found_flares
55,2,1,54,1394,1,Flare,found_flares
55,2,1,55,1709,1,Flare,found_flares
55,2,1,56,409,1,Flare,found_flares
55,2,1,56,868,1,Flare,found_flares
55,2,1,56,1477,1,Flare,found_flares
55,2,1,56,1495,2,Flare,found_flares
55,2,1,56,1544,1,Flare,found_flares
55,2,1,57,357,2,Flare,found_flares
55,2,1,57,357,3,Flare,found_flares
55,2,1,58,281,2,Flare,found_flares
55,2,1,58,1076,1,Flare,found_flares
55,2,1,60,421,8,Flare,found_flares
55,2,1,60,581,1,Flare,found_flares
55,2,1,62,393,21,Flare,found_flares
55,2,1,62,1503,1,Flare,found_flares
55,2,1,62,1522,1,Flare,found_flares
55,2,1,63,1536,1,Flare,found_flares
55,2,1,63,1660,1,Flare,found_flares
55,2,1,64,378,2,Flare,found_flares
55,2,1,64,1050,3,Flare,found_flares
55,2,2,1,1310,1,Flare,found_flares
55,2,2,1,1382,1,Flare,found_flares
55,2,2,2,1305,1,Flare,found_flares
55,2,2,3,1569,1,Flare,found_flares
55,2,2,8,658,1,Flare,found_flares
55,2,2,8,2058,1,Flare,found_flares
55,2,2,9,1218,1,Flare,found_flares
55,2,2,10,633,1,Flare,found_flares
55,2,2,10,633,2,Flare,found_flares
55,2,2,11,1537,1,Flare,found_flares
55,2,2,12,1760,1,Flare,found_flares
55,2,2,12,1778,1,Flare,found_flares
55,2,2,16,978,1,Flare,found_flares
55,2,2,17,1222,39,Flare,found_flares
55,2,2,17,1872,1,Flare,found_flares
55,2,2,18,532,1,Flare,found_flares
55,2,2,19,766,1,Flare,found_flares
55,2,2,21,1397,1,Flare,found_flares
55,2,2,24,177,51,Flare,found_flares
55,2,2,25,1419,2,Flare,found_flares
55,2,2,25,1681,1,Flare,found_flares
55,2,2,27,231,2,Flare,found_flares
55,2,2,27,2054,1,Flare,found_flares
55,2,2,30,1383,1,Flare,found_flares
55,2,2,36,1280,2,Flare,found_flares
55,2,2,38,580,1,Flare,found_flares
55,2,2,38,1091,1,Flare,found_flares
55,2,2,38,1119,1,Flare,found_flares
55,2,2,38,1156,3,Flare,found_flares
55,2,2,38,1157,3,Flare,found_flares
55,2,2,39,1382,1,Flare,found_flares
55,2,2,40,1541,1,Flare,found_flares
55,2,2,41,1267,4,Flare,found_flares
55,2,2,41,1267,5,Flare,found_flares
55,2,2,43,1719,1,Flare,found_flares
55,2,2,44,811,3,Flare,found_flares
55,2,2,44,1352,1,Flare,found_flares
55,2,2,44,1749,1,Flare,found_flares
55,2,2,44,1796,1,Flare,found_flares
55,2,2,45,590,8,Flare,found_flares
55,2,2,45,1397,1,Flare,found_flares
55,2,2,45,1737,1,Flare,found_flares
55,2,2,46,408,7,Flare,found_flares
55,2,2,47,1167,1,Flare,found_flares
55,2,2,48,1236,1,Flare,found_flares
55,2,2,49,1629,1,Flare,found_flares
55,2,2,49,1654,1,Flare,found_flares
55,2,2,49,1664,2,Flare,found_flares
55,2,2,51,653,2,Flare,found_flares
55,2,2,51,1444,1,Flare,found_flares
55,2,2,51,1469,1,Flare,found_flares
55,2,2,52,496,1,Flare,found_flares
55,2,2,52,836,25,Flare,found_flares
55,2,2,53,793,1,Flare,found_flares
55,2,2,53,1816,1,Flare,found_flares
55,2,2,55,578,14,Flare,found_flares
55,2,2,56,621,2,Flare,found_flares
55,2,2,56,700,1,Flare,found_flares
55,2,2,60,356,3,Flare,found_flares
55,2,2,60,1998,1,Flare,found_flares
55,2,2,61,338,11,Flare,found_flares
55,2,2,61,338,16,Flare,found_flares
55,2,2,61,1389,2,Flare,found_flares
55,2,3,2,339,1,Flare,found_flares
55,2,3,3,1135,4,Flare,found_flares
55,2,3,3,1135,5,Flare,found_flares
55,2,3,5,234,18,Flare,found_flares
55,2,3,6,106,18,Flare,found_flares
55,2,3,6,293,2,Flare,found_flares
55,2,3,6,657,1,Flare,found_flares
55,2,3,7,352,1,Flare,found_flares
55,2,3,7,1015,1,Flare,found_flares
55,2,3,8,260,1,Flare,found_flares
55,2,3,10,1039,3,Flare,found_flares
55,2,3,11,292,4,Flare,found_flares
55,2,3,11,357,1,Flare,found_flares
55,2,3,11,1081,1,Flare,found_flares
55,2,3,12,19,35,Flare,found_flares
55,2,3,12,381,1,Flare,found_flares
55,2,3,12,857,1,Flare,found_flares
55,2,3,12,857,3,Flare,found_flares
55,2,3,13,290,3,Flare,found_flares
55,2,3,14,717,1,Flare,found_flares
55,2,3,14,1197,1,Flare,found_flares
55,2,3,15,251,1,Flare,found_flares
55,2,3,15,251,2,Flare,found_flares
55,2,3,15,251,3,Flare,found_flares
55,2,3,16,74,2,Flare,found_flares
55,2,3,16,74,7,Flare,found_flares
55,2,3,16,74,14,Flare,found_flares
55,2,3,16,370,1,Flare,found_flares
55,2,3,18,630,1,Flare,found_flares
55,2,3,18,1177,1,Flare,found_flares
55,2,3,18,1291,1,Flare,found_flares
55,2,3,20,1076,1,Flare,found_flares
55,2,3,21,149,1,Flare,found_flares
55,2,3,21,177,18,Flare,found_flares
55,2,3,21,1169,1,Flare,found_flares
55,2,3,21,1217,1,Flare,found_flares
55,2,3,22,237,1,Flare,found_flares
55,2,3,22,769,1,Flare,found_flares
55,2,3,22,1125,1,Flare,found_flares
55,2,3,26,291,1,Flare,found_flares
55,2,3,26,957,1,Flare,found_flares
55,2,3,27,362,2,Flare,found_flares
55,2,3,28,191,2,Flare,found_flares
55,2,3,30,819,2,Flare,found_flares
55,2,3,30,906,2,Flare,found_flares
55,2,3,30,948,1,Flare,found_flares
55,2,3,31,560,1,Flare,found_flares
55,2,3,34,432,1,Flare,found_flares
55,2,3,34,855,1,Flare,found_flares
55,2,3,34,855,3,Flare,found_flares
55,2,3,36,743,1,Flare,found_flares
55,2,3,36,743,2,Flare,found_flares
55,2,3,36,743,6,Flare,found_flares
55,2,3,36,832,1,Flare,found_flares
55,2,3,37,130,18,Flare,found_flares
55,2,3,37,388,3,Flare,found_flares
55,2,3,37,388,5,Flare,found_flares
55,2,3,37,388,6,Flare,found_flares
55,2,3,37,1273,1,Flare,found_flares
55,2,3,38,572,1,Flare,found_flares
55,2,3,38,990,1,Flare,found_flares
55,2,3,38,1572,1,Flare,found_flares
55,2,3,39,144,5,Flare,found_flares
55,2,3,39,690,1,Flare,found_flares
55,2,3,39,858,1,Flare,found_flares
55,2,3,42,1721,1,Flare,found_flares
55,2,3,44,1493,1,Flare,found_flares
55,2,3,45,815,1,Flare,found_flares
55,2,3,45,1479,1,Flare,found_flares
55,2,3,45,1697,1,Flare,found_flares
55,2,3,46,133,1,Flare,found_flares
55,2,3,46,1111,1,Flare,found_flares
55,2,3,47,474,1,Flare,found_flares
55,2,3,47,1593,1,Flare,found_flares
55,2,3,49,329,2,Flare,found_flares
55,2,3,51,1190,2,Flare,found_flares
55,2,3,52,428,21,Flare,found_flares
55,2,3,52,1029,1,Flare,found_flares
55,2,3,52,1117,1,Flare,found_flares
55,2,3,52,1442,2,Flare,found_flares
55,2,3,52,1442,3,Flare,found_flares
55,2,3,53,1595,1,Flare,found_flares
55,2,3,53,1646,1,Flare,found_flares
55,2,3,54,415,3,Flare,found_flares
55,2,3,55,1312,1,Flare,found_flares
55,2,3,55,1312,2,Flare,found_flares
55,2,3,56,49,22,Flare,found_flares
55,2,3,56,906,1,Flare,found_flares
55,2,3,56,906,2,Flare,found_flares
55,2,3,57,1220,3,Flare,found_flares
55,2,3,59,410,2,Flare,found_flares
55,2,3,60,492,2,Flare,found_flares
55,2,3,60,1127,2,Flare,found_flares
55,2,3,61,194,3,Flare,found_flares
55,2,3,61,543,1,Flare,found_flares
55,2,3,61,977,19,Flare,found_flares
55,2,3,62,1723,1,Flare,found_flares
55,2,3,63,732,1,Flare,found_flares
55,2,3,63,1058,1,Flare,found_flares
55,2,4,1,190,1,Flare,found_flares
55,2,4,1,190,2,Flare,found_flares
55,2,4,1,190,4,Flare,found_flares
55,2,4,1,222,3,Flare,found_flares
55,2,4,1,745,2,Flare,found_flares
55,2,4,2,496,1,Flare,found_flares
55,2,4,2,496,2,Flare,found_flares
55,2,4,2,559,3,Flare,found_flares
55,2,4,2,737,1,Flare,found_flares
55,2,4,2,747,1,Flare,found_flares
55,2,4,2,833,1,Flare,found_flares
55,2,4,2,833,2,Flare,found_flares
55,2,4,3,55,4,Flare,found_flares
55,2,4,4,626,1,Flare,found_flares
55,2,4,4,779,1,Flare,found_flares
55,2,4,6,109,2,Flare,found_flares
55,2,4,6,286,2,Flare,found_flares
55,2,4,6,292,1,Flare,found_flares
55,2,4,7,97,1,Flare,found_flares
55,2,4,7,97,2,Flare,found_flares
55,2,4,7,258,1,Flare,found_flares
55,2,4,7,543,4,Flare,found_flares
55,2,4,7,684,1,Flare,found_flares
55,2,4,8,226,2,Flare,found_flares
55,2,4,9,980,3,Flare,found_flares
55,2,4,10,627,1,Flare,found_flares
55,2,4,11,204,1,Flare,found_flares
55,2,4,11,204,2,Flare,found_flares
55,2,4,13,289,17,Flare,found_flares
55,2,4,13,473,1,Flare,found_flares
55,2,4,14,340,1,Flare,found_flares
55,2,4,15,183,1,Flare,found_flares
55,2,4,15,256,2,Flare,found_flares
55,2,4,15,379,1,Flare,found_flares
55,2,4,16,139,1,Flare,found_flares
55,2,4,16,144,2,Flare,found_flares
55,2,4,16,144,16,Flare,found_flares
55,2,4,16,792,1,Flare,found_flares
55,2,4,16,874,1,Flare,found_flares
55,2,4,17,569,1,Flare,found_flares
55,2,4,17,1230,1,Flare,found_flares
55,2,4,17,1412,1,Flare,found_flares
55,2,4,20,275,1,Flare,found_flares
55,2,4,20,895,1,Flare,found_flares
55,2,4,21,622,1,Flare,found_flares
55,2,4,22,19,3,Flare,found_flares
55,2,4,22,666,1,Flare,found_flares
55,2,4,22,807,1,Flare,found_flares
55,2,4,23,99,1,Flare,found_flares
55,2,4,23,396,1,Flare,found_flares
55,2,4,23,398,5,Flare,found_flares
55,2,4,24,137,1,Flare,found_flares
55,2,4,24,668,1,Flare,found_flares
55,2,4,24,668,2,Flare,found_flares
55,2,4,28,139,1,Flare,found_flares
55,2,4,28,503,1,Flare,found_flares
55,2,4,29,177,1,Flare,found_flares
55,2,4,29,177,2,Flare,found_flares
55,2,4,29,874,1,Flare,found_flares
55,2,4,30,329,1,Flare,found_flares
55,2,4,30,499,1,Flare,found_flares
55,2,4,30,520,1,Flare,found_flares
55,2,4,30,526,1,Flare,found_flares
55,2,4,30,608,1,Flare,found_flares
55,2,4,30,663,1,Flare,found_flares
55,2,4,31,187,1,Flare,found_flares
55,2,4,31,450,3,Flare,found_flares
55,2,4,32,84,3,Flare,found_flares
55,2,4,33,213,1,Flare,found_flares
55,2,4,33,309,1,Flare,found_flares
55,2,4,33,309,2,Flare,found_flares
55,2,4,33,873,1,Flare,found_flares
55,2,4,34,815,1,Flare,found_flares
55,2,4,35,321,1,Flare,found_flares
55,2,4,35,1371,1,Flare,found_flares
55,2,4,36,280,8,Flare,found_flares
55,2,4,36,633,1,Flare,found_flares
55,2,4,36,690,1,Flare,found_flares
55,2,4,37,174,1,Flare,found_flares
55,2,4,37,827,2,Flare,found_flares
55,2,4,37,1211,1,Flare,found_flares
55,2,4,38,1001,2,Flare,found_flares
55,2,4,38,1005,1,Flare,found_flares
55,2,4,40,58,13,Flare,found_flares
55,2,4,40,181,2,Flare,found_flares
55,2,4,40,544,2,Flare,found_flares
55,2,4,40,659,1,Flare,found_flares
55,2,4,41,1043,1,Flare,found_flares
55,2,4,42,174,1,Flare,found_flares
55,2,4,43,1099,2,Flare,found_flares
55,2,4,43,1099,3,Flare,found_flares
55,2,4,43,1109,1,Flare,found_flares
55,2,4,43,1113,1,Flare,found_flares
55,2,4,44,387,2,Flare,found_flares
55,2,4,44,883,1,Flare,found_flares
55,2,4,44,1005,2,Flare,found_flares
55,2,4,44,1258,1,Flare,found_flares
55,2,4,46,1032,2,Flare,found_flares
55,2,4,47,881,1,Flare,found_flares
55,2,4,47,881,2,Flare,found_flares
55,2,4,47,898,2,Flare,found_flares
55,2,4,47,905,1,Flare,found_flares
55,2,4,47,905,2,Flare,found_flares
55,2,4,48,422,1,Flare,found_flares
55,2,4,49,67,94,Flare,found_flares
55,2,4,49,173,21,Flare,found_flares
55,2,4,49,1405,1,Flare,found_flares
55,2,4,50,135,1,Flare,found_flares
55,2,4,50,718,3,Flare,found_flares
55,2,4,50,718,4,Flare,found_flares
55,2,4,50,1020,1,Flare,found_flares
55,2,4,51,1372,1,Flare,found_flares
55,2,4,51,1454,1,Flare,found_flares
55,2,4,53,779,2,Flare,found_flares
55,2,4,53,865,3,Flare,found_flares
55,2,4,55,373,2,Flare,found_flares
55,2,4,55,1005,1,Flare,found_flares
55,2,4,56,264,1,Flare,found_flares
55,2,4,56,561,1,Flare,found_flares
55,2,4,56,561,3,Flare,found_flares
55,2,4,59,178,1,Flare,found_flares
55,2,4,59,414,1,Flare,found_flares
55,2,4,59,1553,1,Flare,found_flares
55,2,4,60,913,2,Flare,found_flares
55,2,4,61,50,10,Flare,found_flares
55,2,4,61,988,1,Flare,found_flares
55,2,4,63,1292,1,Flare,found_flares
55,2,4,64,374,1,Flare,found_flares
55,2,4,64,399,1,Flare,found_flares
55,2,4,64,1057,1,Flare,found_flares
55,3,1,1,646,1,Flare,found_flares
55,3,1,1,1588,1,Flare,found_flares
55,3,1,3,604,39,Flare,found_flares
55,3,1,3,940,2,Flare,found_flares
55,3,1,4,920,1,Flare,found_flares
55,3,1,4,925,1,Flare,found_flares
55,3,1,4,1214,1,Flare,found_flares
55,3,1,4,1407,1,Flare,found_flares
55,3,1,5,1664,1,Flare,found_flares
55,3,1,7,1421,1,Flare,found_flares
55,3,1,7,1596,1,Flare,found_flares
55,3,1,7,1751,1,Flare,found_flares
55,3,1,9,1307,1,Flare,found_flares
55,3,1,9,1450,1,Flare,found_flares
55,3,1,9,1495,1,Flare,found_flares
55,3,1,9,1563,1,Flare,found_flares
55,3,1,10,1610,1,Flare,found_flares
55,3,1,10,1695,1,Flare,found_flares
55,3,1,11,234,3,Flare,found_flares
55,3,1,11,1595,1,Flare,found_flares
55,3,1,12,1096,1,Flare,found_flares
55,3,1,12,1187,1,Flare,found_flares
55,3,1,13,284,5,Flare,found_flares
55,3,1,13,1251,1,Flare,found_flares
55,3,1,14,875,1,Flare,found_flares
55,3,1,14,1661,1,Flare,found_flares
55,3,1,14,1776,1,Flare,found_flares
55,3,1,15,1921,1,Flare,found_flares
55,3,1,16,1467,1,Flare,found_flares
55,3,1,16,1744,1,Flare,found_flares
55,3,1,16,1820,1,Flare,found_flares
55,3,1,18,581,2,Flare,found_flares
55,3,1,18,873,1,Flare,found_flares
55,3,1,19,1037,1,Flare,found_flares
55,3,1,19,1184,2,Flare,found_flares
55,3,1,20,1319,1,Flare,found_flares
55,3,1,20,1668,1,Flare,found_flares
55,3,1,20,1668,2,Flare,found_flares
55,3,1,20,1668,3,Flare,found_flares
55,3,1,20,1752,1,Flare,found_flares
55,3,1,20,1802,1,Flare,found_flares
55,3,1,21,1558,1,Flare,found_flares
55,3,1,21,1788,1,Flare,found_flares
55,3,1,22,1606,1,Flare,found_flares
55,3,1,23,627,15,Flare,found_flares
55,3,1,23,898,1,Flare,found_flares
55,3,1,23,904,1,Flare,found_flares
55,3,1,23,1257,1,Flare,found_flares
55,3,1,23,1603,1,Flare,found_flares
55,3,1,24,508,14,Flare,found_flares
55,3,1,24,1373,1,Flare,found_flares
55,3,1,24,1508,1,Flare,found_flares
55,3,1,24,1621,1,Flare,found_flares
55,3,1,25,434,1,Flare,found_flares
55,3,1,25,1104,1,Flare,found_flares
55,3,1,27,1579,1,Flare,found_flares
55,3,1,28,1284,1,Flare,found_flares
55,3,1,28,1359,1,Flare,found_flares
55,3,1,28,1488,1,Flare,found_flares
55,3,1,28,1492,1,Flare,found_flares
55,3,1,28,1492,2,Flare,found_flares
55,3,1,28,1579,1,Flare,found_flares
55,3,1,29,1371,1,Flare,found_flares
55,3,1,30,662,1,Flare,found_flares
55,3,1,30,1071,1,Flare,found_flares
55,3,1,30,1233,1,Flare,found_flares
55,3,1,30,1280,1,Flare,found_flares
55,3,1,30,1292,1,Flare,found_flares
55,3,1,30,1392,1,Flare,found_flares
55,3,1,31,1693,1,Flare,found_flares
55,3,1,32,1430,1,Flare,found_flares
55,3,1,32,1628,1,Flare,found_flares
55,3,1,32,1632,1,Flare,found_flares
55,3,1,32,1656,1,Flare,found_flares
55,3,1,33,458,1,Flare,found_flares
55,3,1,33,1082,1,Flare,found_flares
55,3,1,33,1155,1,Flare,found_flares
55,3,1,34,449,5,Flare,found_flares
55,3,1,35,165,69,Flare,found_flares
55,3,1,35,838,8,Flare,found_flares
55,3,1,35,928,1,Flare,found_flares
55,3,1,35,1068,1,Flare,found_flares
55,3,1,35,1104,1,Flare,found_flares
55,3,1,36,358,1,Flare,found_flares
55,3,1,36,714,3,Flare,found_flares
55,3,1,36,1356,1,Flare,found_flares
55,3,1,37,690,3,Flare,found_flares
55,3,1,37,1072,1,Flare,found_flares
55,3,1,37,1403,2,Flare,found_flares
55,3,1,37,1432,1,Flare,found_flares
55,3,1,37,1432,2,Flare,found_flares
55,3,1,37,1437,1,Flare,found_flares
55,3,1,38,641,36,Flare,found_flares
55,3,1,38,1305,2,Flare,found_flares
55,3,1,38,1371,1,Flare,found_flares
55,3,1,38,1371,3,Flare,found_flares
55,3,1,38,1372,1,Flare,found_flares
55,3,1,38,1516,1,Flare,found_flares
55,3,1,38,1697,1,Flare,found_flares
55,3,1,39,511,3,Flare,found_flares
55,3,1,39,747,2,Flare,found_flares
55,3,1,39,947,1,Flare,found_flares
55,3,1,39,1388,1,Flare,found_flares
55,3,1,40,730,1,Flare,found_flares
55,3,1,40,1191,1,Flare,found_flares
55,3,1,41,942,1,Flare,found_flares
55,3,1,41,947,2,Flare,found_flares
55,3,1,41,1141,1,Flare,found_flares
55,3,1,42,853,2,Flare,found_flares
55,3,1,42,1066,1,Flare,found_flares
55,3,1,42,1086,1,Flare,found_flares
55,3,1,43,1203,1,Flare,found_flares
55,3,1,44,666,6,Flare,found_flares
55,3,1,44,666,8,Flare,found_flares
55,3,1,44,1111,1,Flare,found_flares
55,3,1,44,1319,1,Flare,found_flares
55,3,1,44,1488,1,Flare,found_flares
55,3,1,44,1538,1,Flare,found_flares
55,3,1,46,1350,1,Flare,found_flares
55,3,1,47,924,2,Flare,found_flares
55,3,1,47,1301,1,Flare,found_flares
55,3,1,47,1303,4,Flare,found_flares
55,3,1,47,1387,1,Flare,found_flares
55,3,1,47,1527,1,Flare,found_flares
55,3,1,47,1545,3,Flare,found_flares
55,3,1,47,1573,2,Flare,found_flares
55,3,1,48,868,7,Flare,found_flares
55,3,1,48,908,1,Flare,found_flares
55,3,1,48,1180,1,Flare,found_flares
55,3,1,48,1216,1,Flare,found_flares
55,3,1,48,1357,1,Flare,found_flares
55,3,1,48,1358,1,Flare,found_flares
55,3,1,48,1359,1,Flare,found_flares
55,3,1,48,1408,2,Flare,found_flares
55,3,1,48,1474,1,Flare,found_flares
55,3,1,49,300,1,Flare,found_flares
55,3,1,49,368,1,Flare,found_flares
55,3,1,50,446,1,Flare,found_flares
55,3,1,50,446,2,Flare,found_flares
55,3,1,50,1052,1,Flare,found_flares
55,3,1,51,858,1,Flare,found_flares
55,3,1,52,97,6,Flare,found_flares
55,3,1,52,518,14,Flare,found_flares
55,3,1,52,563,2,Flare,found_flares
55,3,1,52,807,1,Flare,found_flares
55,3,1,52,845,1,Flare,found_flares
55,3,1,52,1039,1,Flare,found_flares
55,3,1,52,1187,1,Flare,found_flares
55,3,1,52,1273,1,Flare,found_flares
55,3,1,52,1300,1,Flare,found_flares
55,3,1,53,1052,8,Flare,found_flares
55,3,1,53,1089,2,Flare,found_flares
55,3,1,53,1263,1,Flare,found_flares
55,3,1,54,300,9,Flare,found_flares
55,3,1,54,1246,1,Flare,found_flares
55,3,1,54,1301,1,Flare,found_flares
55,3,1,55,554,5,Flare,found_flares
55,3,1,55,554,7,Flare,found_flares
55,3,1,55,906,2,Flare,found_flares
55,3,1,55,911,1,Flare,found_flares
55,3,1,55,1121,1,Flare,found_flares
55,3,1,56,1132,1,Flare,found_flares
55,3,1,56,1334,1,Flare,found_flares
55,3,1,56,1360,1,Flare,found_flares
55,3,1,57,166,10,Flare,found_flares
55,3,1,57,377,1,Flare,found_flares
55,3,1,57,387,1,Flare,found_flares
55,3,1,57,408,1,Flare,found_flares
55,3,1,58,480,4,Flare,found_flares
55,3,1,58,769,1,Flare,found_flares
55,3,1,58,935,1,Flare,found_flares
55,3,1,58,1012,1,Flare,found_flares
55,3,1,59,127,7,Flare,found_flares
55,3,1,59,293,1,Flare,found_flares
55,3,1,59,586,2,Flare,found_flares
55,3,1,59,703,1,Flare,found_flares
55,3,1,59,882,1,Flare,found_flares
55,3,1,59,882,2,Flare,found_flares
55,3,1,59,926,1,Flare,found_flares
55,3,1,59,990,1,Flare,found_flares
55,3,1,59,1018,1,Flare,found_flares
55,3,1,59,1110,1,Flare,found_flares
55,3,1,60,1141,1,Flare,found_flares
55,3,1,61,1036,1,Flare,found_flares
55,3,1,61,1143,1,Flare,found_flares
55,3,1,62,177,29,Flare,found_flares
55,3,1,62,985,1,Flare,found_flares
55,3,1,62,985,2,Flare,found_flares
55,3,1,62,1424,1,Flare,found_flares
55,3,1,62,1519,1,Flare,found_flares
55,3,1,64,782,1,Flare,found_flares
55,3,1,64,954,2,Flare,found_flares
55,3,1,64,1484,1,Flare,found_flares
55,3,1,64,1516,1,Flare,found_flares
55,3,2,1,500,2,Flare,found_flares
55,3,2,1,887,1,Flare,found_flares
55,3,2,2,609,2,Flare,found_flares
55,3,2,2,618,1,Flare,found_flares
55,3,2,2,921,1,Flare,found_flares
55,3,2,2,1036,1,Flare,found_flares
55,3,2,2,1054,1,Flare,found_flares
55,3,2,2,1058,1,Flare,found_flares
55,3,2,3,734,1,Flare,found_flares
55,3,2,3,1254,1,Flare,found_flares
55,3,2,4,860,2,Flare,found_flares
55,3,2,4,1152,1,Flare,found_flares
55,3,2,6,1084,1,Flare,found_flares
55,3,2,7,1337,1,Flare,found_flares
55,3,2,8,571,1,Flare,found_flares
55,3,2,8,1404,3,Flare,found_flares
55,3,2,9,476,3,Flare,found_flares
55,3,2,9,576,2,Flare,found_flares
55,3,2,9,675,1,Flare,found_flares
55,3,2,9,726,2,Flare,found_flares
55,3,2,9,1085,1,Flare,found_flares
55,3,2,9,1100,1,Flare,found_flares
55,3,2,9,1124,1,Flare,found_flares
55,3,2,10,218,1,Flare,found_flares
55,3,2,10,691,1,Flare,found_flares
55,3,2,10,913,1,Flare,found_flares
55,3,2,10,913,2,Flare,found_flares
55,3,2,10,913,3,Flare,found_flares
55,3,2,10,913,4,Flare,found_flares
55,3,2,10,919,1,Flare,found_flares
55,3,2,10,955,1,Flare,found_flares
55,3,2,10,1000,1,Flare,found_flares
55,3,2,11,640,1,Flare,found_flares
55,3,2,11,1079,1,Flare,found_flares
55,3,2,11,1110,1,Flare,found_flares
55,3,2,11,1118,1,Flare,found_flares
55,3,2,11,1148,1,Flare,found_flares
55,3,2,12,510,1,Flare,found_flares
55,3,2,12,551,7,Flare,found_flares
55,3,2,12,641,1,Flare,found_flares
55,3,2,12,661,1,Flare,found_flares
55,3,2,12,674,2,Flare,found_flares
55,3,2,12,783,1,Flare,found_flares
55,3,2,12,803,1,Flare,found_flares
55,3,2,13,439,124,Flare,found_flares
55,3,2,14,820,1,Flare,found_flares
55,3,2,15,1305,1,Flare,found_flares
55,3,2,15,1534,1,Flare,found_flares
55,3,2,17,929,2,Flare,found_flares
55,3,2,17,936,1,Flare,found_flares
55,3,2,17,944,1,Flare,found_flares
55,3,2,17,1175,1,Flare,found_flares
55,3,2,17,1186,1,Flare,found_flares
55,3,2,17,1429,1,Flare,found_flares
55,3,2,17,1449,1,Flare,found_flares
55,3,2,17,1459,1,Flare,found_flares
55,3,2,17,1516,1,Flare,found_flares
55,3,2,18,412,2,Flare,found_flares
55,3,2,18,555,1,Flare,found_flares
55,3,2,18,729,1,Flare,found_flares
55,3,2,18,955,1,Flare,found_flares
55,3,2,18,1070,1,Flare,found_flares
55,3,2,18,1146,1,Flare,found_flares
55,3,2,18,1180,1,Flare,found_flares
55,3,2,18,1180,2,Flare,found_flares
55,3,2,18,1196,1,Flare,found_flares
55,3,2,18,1200,1,Flare,found_flares
55,3,2,19,62,31,Flare,found_flares
55,3,2,19,746,1,Flare,found_flares
55,3,2,19,748,1,Flare,found_flares
55,3,2,19,872,1,Flare,found_flares
55,3,2,19,966,1,Flare,found_flares
55,3,2,20,282,4,Flare,found_flares
55,3,2,20,825,1,Flare,found_flares
55,3,2,20,1003,1,Flare,found_flares
55,3,2,20,1003,2,Flare,found_flares
55,3,2,21,399,2,Flare,found_flares
55,3,2,21,399,3,Flare,found_flares
55,3,2,21,399,5,Flare,found_flares
55,3,2,21,489,68,Flare,found_flares
55,3,2,21,813,1,Flare,found_flares
55,3,2,21,857,2,Flare,found_flares
55,3,2,21,1042,1,Flare,found_flares
55,3,2,23,893,10,Flare,found_flares
55,3,2,23,900,3,Flare,found_flares
55,3,2,24,500,2,Flare,found_flares
55,3,2,24,1435,1,Flare,found_flares
55,3,2,25,890,14,Flare,found_flares
55,3,2,25,1092,2,Flare,found_flares
55,3,2,25,1257,1,Flare,found_flares
55,3,2,25,1340,1,Flare,found_flares
55,3,2,26,274,17,Flare,found_flares
55,3,2,26,350,1,Flare,found_flares
55,3,2,26,675,1,Flare,found_flares
55,3,2,26,859,1,Flare,found_flares
55,3,2,26,860,1,Flare,found_flares
55,3,2,27,308,4,Flare,found_flares
55,3,2,27,474,1,Flare,found_flares
55,3,2,27,491,1,Flare,found_flares
55,3,2,27,773,1,Flare,found_flares
55,3,2,27,835,1,Flare,found_flares
55,3,2,27,865,1,Flare,found_flares
55,3,2,27,886,1,Flare,found_flares
55,3,2,28,238,76,Flare,found_flares
55,3,2,28,698,1,Flare,found_flares
55,3,2,28,775,14,Flare,found_flares
55,3,2,28,801,2,Flare,found_flares
55,3,2,28,961,1,Flare,found_flares
55,3,2,28,1017,1,Flare,found_flares
55,3,2,28,1041,2,Flare,found_flares
55,3,2,28,1188,1,Flare,found_flares
55,3,2,29,963,3,Flare,found_flares
55,3,2,29,1096,1,Flare,found_flares
55,3,2,29,1322,1,Flare,found_flares
55,3,2,29,1325,17,Flare,found_flares
55,3,2,29,1381,1,Flare,found_flares
55,3,2,29,1491,1,Flare,found_flares
55,3,2,29,1502,1,Flare,found_flares
55,3,2,29,1503,1,Flare,found_flares
55,3,2,29,1511,1,Flare,found_flares
55,3,2,29,1593,1,Flare,found_flares
55,3,2,29,1614,1,Flare,found_flares
55,3,2,29,1630,1,Flare,found_flares
55,3,2,29,1676,1,Flare,found_flares
55,3,2,31,1646,1,Flare,found_flares
55,3,2,31,1662,1,Flare,found_flares
55,3,2,31,1707,1,Flare,found_flares
55,3,2,31,1913,1,Flare,found_flares
55,3,2,32,624,24,Flare,found_flares
55,3,2,32,664,1,Flare,found_flares
55,3,2,33,815,3,Flare,found_flares
55,3,2,33,815,4,Flare,found_flares
55,3,2,33,1126,1,Flare,found_flares
55,3,2,33,1153,4,Flare,found_flares
55,3,2,33,1188,1,Flare,found_flares
55,3,2,33,1205,1,Flare,found_flares
55,3,2,34,119,27,Flare,found_flares
55,3,2,34,880,3,Flare,found_flares
55,3,2,34,880,4,Flare,found_flares
55,3,2,34,1104,1,Flare,found_flares
55,3,2,34,1311,1,Flare,found_flares
55,3,2,36,213,2,Flare,found_flares
55,3,2,36,213,4,Flare,found_flares
55,3,2,36,899,1,Flare,found_flares
55,3,2,36,920,1,Flare,found_flares
55,3,2,36,1116,5,Flare,found_flares
55,3,2,36,1148,4,Flare,found_flares
55,3,2,36,1228,1,Flare,found_flares
55,3,2,36,1512,1,Flare,found_flares
55,3,2,37,1664,1,Flare,found_flares
55,3,2,37,1678,1,Flare,found_flares
55,3,2,37,1823,1,Flare,found_flares
55,3,2,38,1034,1,Flare,found_flares
55,3,2,39,1252,4,Flare,found_flares
55,3,2,39,1601,1,Flare,found_flares
55,3,2,39,1761,1,Flare,found_flares
55,3,2,39,2039,1,Flare,found_flares
55,3,2,40,452,4,Flare,found_flares
55,3,2,40,742,1,Flare,found_flares
55,3,2,40,1218,5,Flare,found_flares
55,3,2,40,1505,1,Flare,found_flares
55,3,2,41,199,16,Flare,found_flares
55,3,2,41,199,17,Flare,found_flares
55,3,2,41,525,1,Flare,found_flares
55,3,2,41,694,1,Flare,found_flares
55,3,2,41,771,1,Flare,found_flares
55,3,2,41,906,1,Flare,found_flares
55,3,2,41,1016,2,Flare,found_flares
55,3,2,41,1028,1,Flare,found_flares
55,3,2,41,1218,1,Flare,found_flares
55,3,2,41,1274,1,Flare,found_flares
55,3,2,42,882,2,Flare,found_flares
55,3,2,42,916,7,Flare,found_flares
55,3,2,42,1359,1,Flare,found_flares
55,3,2,42,1359,2,Flare,found_flares
55,3,2,42,1549,1,Flare,found_flares
55,3,2,42,1582,1,Flare,found_flares
55,3,2,43,367,4,Flare,found_flares
55,3,2,43,367,5,Flare,found_flares
55,3,2,43,367,11,Flare,found_flares
55,3,2,43,906,1,Flare,found_flares
55,3,2,43,1333,2,Flare,found_flares
55,3,2,43,1333,3,Flare,found_flares
55,3,2,43,1532,1,Flare,found_flares
55,3,2,43,1548,1,Flare,found_flares
55,3,2,45,822,4,Flare,found_flares
55,3,2,45,955,1,Flare,found_flares
55,3,2,45,1528,2,Flare,found_flares
55,3,2,46,900,1,Flare,found_flares
55,3,2,46,900,2,Flare,found_flares
55,3,2,46,1384,1,Flare,found_flares
55,3,2,47,809,1,Flare,found_flares
55,3,2,48,1084,1,Flare,found_flares
55,3,2,49,1231,1,Flare,found_flares
55,3,2,49,1231,3,Flare,found_flares
55,3,2,49,1373,1,Flare,found_flares
55,3,2,49,1394,1,Flare,found_flares
55,3,2,49,1434,1,Flare,found_flares
55,3,2,49,1503,1,Flare,found_flares
55,3,2,49,1535,1,Flare,found_flares
55,3,2,50,601,18,Flare,found_flares
55,3,2,50,943,1,Flare,found_flares
55,3,2,50,1176,1,Flare,found_flares
55,3,2,50,1192,1,Flare,found_flares
55,3,2,50,1192,2,Flare,found_flares
55,3,2,50,1249,1,Flare,found_flares
55,3,2,51,459,1,Flare,found_flares
55,3,2,51,459,2,Flare,found_flares
55,3,2,51,583,6,Flare,found_flares
55,3,2,51,1437,1,Flare,found_flares
55,3,2,51,1587,1,Flare,found_flares
55,3,2,51,1667,1,Flare,found_flares
55,3,2,52,337,4,Flare,found_flares
55,3,2,52,891,1,Flare,found_flares
55,3,2,52,1411,1,Flare,found_flares
55,3,2,53,936,1,Flare,found_flares
55,3,2,53,1299,2,Flare,found_flares
55,3,2,53,1443,1,Flare,found_flares
55,3,2,54,1443,1,Flare,found_flares
55,3,2,54,1475,1,Flare,found_flares
55,3,2,54,1491,1,Flare,found_flares
55,3,2,55,1889,1,Flare,found_flares
55,3,2,57,1037,1,Flare,found_flares
55,3,2,57,1482,1,Flare,found_flares
55,3,2,58,535,62,Flare,found_flares
55,3,2,58,922,1,Flare,found_flares
55,3,2,58,1213,1,Flare,found_flares
55,3,2,58,1492,1,Flare,found_flares
55,3,2,58,1549,2,Flare,found_flares
55,3,2,58,1556,2,Flare,found_flares
55,3,2,58,1556,3,Flare,found_flares
55,3,2,58,1565,1,Flare,found_flares
55,3,2,59,844,1,Flare,found_flares
55,3,2,59,927,1,Flare,found_flares
55,3,2,59,1336,1,Flare,found_flares
55,3,2,59,1338,1,Flare,found_flares
55,3,2,61,1517,1,Flare,found_flares
55,3,2,61,1578,1,Flare,found_flares
55,3,2,61,1598,1,Flare,found_flares
55,3,2,62,1496,1,Flare,found_flares
55,3,2,63,324,2,Flare,found_flares
55,3,2,64,704,1,Flare,found_flares
55,3,3,1,336,1,Flare,found_flares
55,3,3,1,930,1,Flare,found_flares
55,3,3,1,995,6,Flare,found_flares
55,3,3,2,840,1,Flare,found_flares
55,3,3,2,846,1,Flare,found_flares
55,3,3,3,667,1,Flare,found_flares
55,3,3,4,377,1,Flare,found_flares
55,3,3,4,483,1,Flare,found_flares
55,3,3,4,542,2,Flare,found_flares
55,3,3,4,1127,1,Flare,found_flares
55,3,3,5,327,1,Flare,found_flares
55,3,3,5,1068,1,Flare,found_flares
55,3,3,6,406,1,Flare,found_flares
55,3,3,7,254,10,Flare,found_flares
55,3,3,7,714,1,Flare,found_flares
55,3,3,7,1241,1,Flare,found_flares
55,3,3,8,539,1,Flare,found_flares
55,3,3,8,539,4,Flare,found_flares
55,3,3,8,542,1,Flare,found_flares
55,3,3,8,783,1,Flare,found_flares
55,3,3,9,305,1,Flare,found_flares
55,3,3,9,364,1,Flare,found_flares
55,3,3,9,379,1,Flare,found_flares
55,3,3,10,721,1,Flare,found_flares
55,3,3,11,699,2,Flare,found_flares
55,3,3,14,934,1,Flare,found_flares
55,3,3,15,324,9,Flare,found_flares
55,3,3,15,1156,1,Flare,found_flares
55,3,3,17,656,2,Flare,found_flares
55,3,3,18,785,1,Flare,found_flares
55,3,3,19,667,1,Flare,found_flares
55,3,3,19,903,1,Flare,found_flares
55,3,3,20,81,19,Flare,found_flares
55,3,3,20,309,1,Flare,found_flares
55,3,3,20,497,1,Flare,found_flares
55,3,3,20,518,1,Flare,found_flares
55,3,3,20,939,1,Flare,found_flares
55,3,3,21,766,3,Flare,found_flares
55,3,3,22,263,2,Flare,found_flares
55,3,3,22,1295,1,Flare,found_flares
55,3,3,25,366,13,Flare,found_flares
55,3,3,26,442,1,Flare,found_flares
55,3,3,26,662,1,Flare,found_flares
55,3,3,27,297,1,Flare,found_flares
55,3,3,27,297,3,Flare,found_flares
55,3,3,27,1019,1,Flare,found_flares
55,3,3,27,1045,1,Flare,found_flares
55,3,3,28,578,1,Flare,found_flares
55,3,3,28,578,2,Flare,found_flares
55,3,3,28,1126,1,Flare,found_flares
55,3,3,29,479,2,Flare,found_flares
55,3,3,29,593,3,Flare,found_flares
55,3,3,29,806,1,Flare,found_flares
55,3,3,29,924,4,Flare,found_flares
55,3,3,29,1358,1,Flare,found_flares
55,3,3,30,1459,1,Flare,found_flares
55,3,3,31,477,2,Flare,found_flares
55,3,3,31,675,2,Flare,found_flares
55,3,3,31,1399,1,Flare,found_flares
55,3,3,32,573,5,Flare,found_flares
55,3,3,32,1242,1,Flare,found_flares
55,3,3,32,1456,1,Flare,found_flares
55,3,3,33,765,1,Flare,found_flares
55,3,3,33,792,1,Flare,found_flares
55,3,3,33,890,1,Flare,found_flares
55,3,3,33,907,1,Flare,found_flares
55,3,3,34,837,1,Flare,found_flares
55,3,3,35,101,8,Flare,found_flares
55,3,3,35,101,9,Flare,found_flares
55,3,3,35,456,1,Flare,found_flares
55,3,3,36,335,1,Flare,found_flares
55,3,3,36,335,2,Flare,found_flares
55,3,3,36,843,1,Flare,found_flares
55,3,3,37,540,1,Flare,found_flares
55,3,3,37,542,1,Flare,found_flares
55,3,3,37,1018,1,Flare,found_flares
55,3,3,37,1018,2,Flare,found_flares
55,3,3,37,1379,2,Flare,found_flares
55,3,3,38,396,1,Flare,found_flares
55,3,3,38,484,1,Flare,found_flares
55,3,3,38,612,2,Flare,found_flares
55,3,3,38,1294,1,Flare,found_flares
55,3,3,38,1372,1,Flare,found_flares
55,3,3,40,211,9,Flare,found_flares
55,3,3,40,211,23,Flare,found_flares
55,3,3,40,211,24,Flare,found_flares
55,3,3,40,828,1,Flare,found_flares
55,3,3,40,828,2,Flare,found_flares
55,3,3,40,1430,1,Flare,found_flares
55,3,3,41,897,2,Flare,found_flares
55,3,3,42,770,2,Flare,found_flares
55,3,3,42,1107,1,Flare,found_flares
55,3,3,43,7,77,Flare,found_flares
55,3,3,43,925,1,Flare,found_flares
55,3,3,43,1201,1,Flare,found_flares
55,3,3,44,214,25,Flare,found_flares
55,3,3,44,214,42,Flare,found_flares
55,3,3,44,293,10,Flare,found_flares
55,3,3,44,1111,1,Flare,found_flares
55,3,3,44,1111,2,Flare,found_flares
55,3,3,44,1303,1,Flare,found_flares
55,3,3,45,89,9,Flare,found_flares
55,3,3,45,1225,25,Flare,found_flares
55,3,3,45,1420,1,Flare,found_flares
55,3,3,45,1448,1,Flare,found_flares
55,3,3,46,877,1,Flare,found_flares
55,3,3,47,315,1,Flare,found_flares
55,3,3,47,315,2,Flare,found_flares
55,3,3,47,444,24,Flare,found_flares
55,3,3,47,636,1,Flare,found_flares
55,3,3,47,782,1,Flare,found_flares
55,3,3,47,832,1,Flare,found_flares
55,3,3,47,996,1,Flare,found_flares
55,3,3,47,1045,1,Flare,found_flares
55,3,3,47,1092,2,Flare,found_flares
55,3,3,47,1223,2,Flare,found_flares
55,3,3,50,377,1,Flare,found_flares
55,3,3,50,1045,1,Flare,found_flares
55,3,3,51,640,8,Flare,found_flares
55,3,3,51,1458,1,Flare,found_flares
55,3,3,52,728,1,Flare,found_flares
55,3,3,54,909,1,Flare,found_flares
55,3,3,54,1498,1,Flare,found_flares
55,3,3,55,151,7,Flare,found_flares
55,3,3,55,622,2,Flare,found_flares
55,3,3,55,835,1,Flare,found_flares
55,3,3,55,835,2,Flare,found_flares
55,3,3,55,1258,1,Flare,found_flares
55,3,3,55,1520,1,Flare,found_flares
55,3,3,56,587,12,Flare,found_flares
55,3,3,56,1285,1,Flare,found_flares
55,3,3,56,1311,1,Flare,found_flares
55,3,3,58,547,1,Flare,found_flares
55,3,3,58,960,1,Flare,found_flares
55,3,3,60,962,1,Flare,found_flares
55,3,3,60,1447,1,Flare,found_flares
55,3,3,60,1570,1,Flare,found_flares
55,3,3,62,534,1,Flare,found_flares
55,3,3,62,732,2,Flare,found_flares
55,3,3,62,1024,1,Flare,found_flares
55,3,3,62,1054,1,Flare,found_flares
55,3,3,63,713,2,Flare,found_flares
55,3,3,63,713,5,Flare,found_flares
55,3,3,63,918,2,Flare,found_flares
55,3,3,63,929,3,Flare,found_flares
55,3,3,63,1497,1,Flare,found_flares
55,3,3,63,1519,1,Flare,found_flares
55,3,3,63,1532,1,Flare,found_flares
55,3,3,64,1218,1,Flare,found_flares
55,3,3,64,1271,1,Flare,found_flares
55,3,4,1,120,28,Flare,found_flares
55,3,4,1,218,2,Flare,found_flares
55,3,4,1,218,5,Flare,found_flares
55,3,4,1,1051,1,Flare,found_flares
55,3,4,3,267,2,Flare,found_flares
55,3,4,3,267,3,Flare,found_flares
55,3,4,3,846,1,Flare,found_flares
55,3,4,3,855,1,Flare,found_flares
55,3,4,5,403,1,Flare,found_flares
55,3,4,5,886,1,Flare,found_flares
55,3,4,6,258,1,Flare,found_flares
55,3,4,6,317,1,Flare,found_flares
55,3,4,6,328,1,Flare,found_flares
55,3,4,6,384,1,Flare,found_flares
55,3,4,7,423,1,Flare,found_flares
55,3,4,7,423,3,Flare,found_flares
55,3,4,7,423,4,Flare,found_flares
55,3,4,8,515,1,Flare,found_flares
55,3,4,8,1343,1,Flare,found_flares
55,3,4,8,1345,1,Flare,found_flares
55,3,4,9,55,16,Flare,found_flares
55,3,4,9,94,182,Flare,found_flares
55,3,4,9,867,1,Flare,found_flares
55,3,4,9,903,1,Flare,found_flares
55,3,4,10,754,2,Flare,found_flares
55,3,4,10,828,1,Flare,found_flares
55,3,4,10,828,3,Flare,found_flares
55,3,4,11,138,2,Flare,found_flares
55,3,4,11,229,1,Flare,found_flares
55,3,4,11,342,1,Flare,found_flares
55,3,4,11,796,1,Flare,found_flares
55,3,4,11,814,1,Flare,found_flares
55,3,4,12,144,1,Flare,found_flares
55,3,4,12,144,2,Flare,found_flares
55,3,4,12,166,2,Flare,found_flares
55,3,4,12,579,1,Flare,found_flares
55,3,4,12,639,1,Flare,found_flares
55,3,4,12,646,1,Flare,found_flares
55,3,4,13,244,6,Flare,found_flares
55,3,4,13,372,1,Flare,found_flares
55,3,4,13,384,1,Flare,found_flares
55,3,4,13,507,2,Flare,found_flares
55,3,4,13,552,1,Flare,found_flares
55,3,4,14,153,2,Flare,found_flares
55,3,4,14,369,1,Flare,found_flares
55,3,4,14,440,1,Flare,found_flares
55,3,4,15,111,2,Flare,found_flares
55,3,4,15,300,6,Flare,found_flares
55,3,4,15,346,1,Flare,found_flares
55,3,4,15,419,1,Flare,found_flares
55,3,4,16,190,1,Flare,found_flares
55,3,4,16,412,1,Flare,found_flares
55,3,4,16,758,1,Flare,found_flares
55,3,4,16,791,1,Flare,found_flares
55,3,4,17,507,1,Flare,found_flares
55,3,4,17,1044,1,Flare,found_flares
55,3,4,18,898,4,Flare,found_flares
55,3,4,18,1031,1,Flare,found_flares
55,3,4,18,1035,1,Flare,found_flares
55,3,4,19,198,3,Flare,found_flares
55,3,4,19,198,4,Flare,found_flares
55,3,4,19,198,5,Flare,found_flares
55,3,4,19,288,1,Flare,found_flares
55,3,4,20,91,3,Flare,found_flares
55,3,4,20,91,4,Flare,found_flares
55,3,4,21,298,2,Flare,found_flares
55,3,4,21,358,3,Flare,found_flares
55,3,4,21,783,2,Flare,found_flares
55,3,4,21,841,1,Flare,found_flares
55,3,4,22,600,1,Flare,found_flares
55,3,4,23,433,1,Flare,found_flares
55,3,4,23,480,1,Flare,found_flares
55,3,4,24,189,1,Flare,found_flares
55,3,4,24,310,2,Flare,found_flares
55,3,4,24,379,4,Flare,found_flares
55,3,4,24,405,1,Flare,found_flares
55,3,4,24,460,1,Flare,found_flares
55,3,4,25,393,1,Flare,found_flares
55,3,4,25,410,1,Flare,found_flares
55,3,4,25,658,2,Flare,found_flares
55,3,4,26,193,3,Flare,found_flares
55,3,4,26,433,2,Flare,found_flares
55,3,4,26,551,1,Flare,found_flares
55,3,4,26,554,1,Flare,found_flares
55,3,4,26,886,1,Flare,found_flares
55,3,4,26,1248,1,Flare,found_flares
55,3,4,27,220,2,Flare,found_flares
55,3,4,27,344,2,Flare,found_flares
55,3,4,28,567,2,Flare,found_flares
55,3,4,28,942,1,Flare,found_flares
55,3,4,29,758,2,Flare,found_flares
55,3,4,30,647,2,Flare,found_flares
55,3,4,30,705,1,Flare,found_flares
55,3,4,30,724,1,Flare,found_flares
55,3,4,31,309,1,Flare,found_flares
55,3,4,31,309,2,Flare,found_flares
55,3,4,31,405,1,Flare,found_flares
55,3,4,31,406,1,Flare,found_flares
55,3,4,31,511,1,Flare,found_flares
55,3,4,31,514,1,Flare,found_flares
55,3,4,31,540,1,Flare,found_flares
55,3,4,31,555,1,Flare,found_flares
55,3,4,31,556,2,Flare,found_flares
55,3,4,32,297,3,Flare,found_flares
55,3,4,32,404,2,Flare,found_flares
55,3,4,32,444,1,Flare,found_flares
55,3,4,32,495,1,Flare,found_flares
55,3,4,33,826,1,Flare,found_flares
55,3,4,33,826,4,Flare,found_flares
55,3,4,34,310,1,Flare,found_flares
55,3,4,35,229,2,Flare,found_flares
55,3,4,35,535,1,Flare,found_flares
55,3,4,36,264,1,Flare,found_flares
55,3,4,36,275,4,Flare,found_flares
55,3,4,36,276,1,Flare,found_flares
55,3,4,36,491,1,Flare,found_flares
55,3,4,36,684,1,Flare,found_flares
55,3,4,36,780,1,Flare,found_flares
55,3,4,36,905,1,Flare,found_flares
55,3,4,37,585,1,Flare,found_flares
55,3,4,37,645,1,Flare,found_flares
55,3,4,37,681,1,Flare,found_flares
55,3,4,37,685,3,Flare,found_flares
55,3,4,37,781,2,Flare,found_flares
55,3,4,38,540,1,Flare,found_flares
55,3,4,38,621,3,Flare,found_flares
55,3,4,38,713,1,Flare,found_flares
55,3,4,38,743,1,Flare,found_flares
55,3,4,39,149,121,Flare,found_flares
55,3,4,39,620,1,Flare,found_flares
55,3,4,39,742,1,Flare,found_flares
55,3,4,39,770,1,Flare,found_flares
55,3,4,40,297,1,Flare,found_flares
55,3,4,40,462,1,Flare,found_flares
55,3,4,40,480,1,Flare,found_flares
55,3,4,40,480,2,Flare,found_flares
55,3,4,40,591,1,Flare,found_flares
55,3,4,41,220,1,Flare,found_flares
55,3,4,41,338,6,Flare,found_flares
55,3,4,41,346,16,Flare,found_flares
55,3,4,41,907,1,Flare,found_flares
55,3,4,41,1034,3,Flare,found_flares
55,3,4,41,1034,4,Flare,found_flares
55,3,4,41,1117,1,Flare,found_flares
55,3,4,42,316,3,Flare,found_flares
55,3,4,42,736,1,Flare,found_flares
55,3,4,42,742,1,Flare,found_flares
55,3,4,42,1209,1,Flare,found_flares
55,3,4,43,248,46,Flare,found_flares
55,3,4,43,441,1,Flare,found_flares
55,3,4,43,878,1,Flare,found_flares
55,3,4,43,1138,1,Flare,found_flares
55,3,4,44,218,1,Flare,found_flares
55,3,4,44,382,1,Flare,found_flares
55,3,4,44,525,3,Flare,found_flares
55,3,4,44,532,1,Flare,found_flares
55,3,4,44,855,1,Flare,found_flares
55,3,4,45,32,21,Flare,found_flares
55,3,4,45,765,1,Flare,found_flares
55,3,4,45,804,2,Flare,found_flares
55,3,4,46,363,1,Flare,found_flares
55,3,4,46,363,5,Flare,found_flares
55,3,4,46,605,1,Flare,found_flares
55,3,4,46,808,1,Flare,found_flares
55,3,4,47,511,1,Flare,found_flares
55,3,4,47,557,1,Flare,found_flares
55,3,4,47,557,2,Flare,found_flares
55,3,4,47,576,2,Flare,found_flares
55,3,4,48,586,4,Flare,found_flares
55,3,4,48,628,1,Flare,found_flares
55,3,4,48,771,1,Flare,found_flares
55,3,4,48,772,1,Flare,found_flares
55,3,4,48,773,1,Flare,found_flares
55,3,4,49,1055,1,Flare,found_flares
55,3,4,50,221,2,Flare,found_flares
55,3,4,50,221,38,Flare,found_flares
55,3,4,50,293,28,Flare,found_flares
55,3,4,50,853,1,Flare,found_flares
55,3,4,50,1025,1,Flare,found_flares
55,3,4,50,1111,1,Flare,found_flares
55,3,4,51,333,57,Flare,found_flares
55,3,4,51,1002,1,Flare,found_flares
55,3,4,52,949,1,Flare,found_flares
55,3,4,53,157,1,Flare,found_flares
55,3,4,53,157,4,Flare,found_flares
55,3,4,53,723,1,Flare,found_flares
55,3,4,53,723,2,Flare,found_flares
55,3,4,54,379,18,Flare,found_flares
55,3,4,54,626,1,Flare,found_flares
55,3,4,54,729,1,Flare,found_flares
55,3,4,54,929,1,Flare,found_flares
55,3,4,55,336,1,Flare,found_flares
55,3,4,55,336,4,Flare,found_flares
55,3,4,55,662,1,Flare,found_flares
55,3,4,55,794,1,Flare,found_flares
55,3,4,56,170,2,Flare,found_flares
55,3,4,56,380,2,Flare,found_flares
55,3,4,56,848,1,Flare,found_flares
55,3,4,57,539,2,Flare,found_flares
55,3,4,58,194,1,Flare,found_flares
55,3,4,58,788,1,Flare,found_flares
55,3,4,58,861,2,Flare,found_flares
55,3,4,58,1182,1,Flare,found_flares
55,3,4,59,783,1,Flare,found_flares
55,3,4,59,814,4,Flare,found_flares
55,3,4,59,1269,2,Flare,found_flares
55,3,4,59,1311,1,Flare,found_flares
55,3,4,60,549,1,Flare,found_flares
55,3,4,60,549,2,Flare,found_flares
55,3,4,60,1143,1,Flare,found_flares
55,3,4,60,1145,1,Flare,found_flares
55,3,4,61,354,4,Flare,found_flares
55,3,4,61,603,1,Flare,found_flares
55,3,4,61,817,1,Flare,found_flares
55,3,4,61,863,1,Flare,found_flares
55,3,4,61,1142,1,Flare,found_flares
55,3,4,62,688,1,Flare,found_flares
55,3,4,62,865,1,Flare,found_flares
55,3,4,63,590,2,Flare,found_flares
55,3,4,64,362,1,Flare,found_flares
55,3,4,64,629,1,Flare,found_flares
55,3,4,64,674,1,Flare,found_flares
55,3,4,64,685,1,Flare,found_flares
55,4,1,1,262,1,Flare,found_flares
55,4,1,1,262,2,Flare,found_flares
55,4,1,1,262,4,Flare,found_flares
55,4,1,1,283,2,Flare,found_flares
55,4,1,1,657,1,Flare,found_flares
55,4,1,2,202,1,Flare,found_flares
55,4,1,2,238,1,Flare,found_flares
55,4,1,2,379,2,Flare,found_flares
55,4,1,2,578,1,Flare,found_flares
55,4,1,3,204,2,Flare,found_flares
55,4,1,3,204,5,Flare,found_flares
55,4,1,3,317,3,Flare,found_flares
55,4,1,4,178,1,Flare,found_flares
55,4,1,4,178,2,Flare,found_flares
55,4,1,4,495,1,Flare,found_flares
55,4,1,5,27,31,Flare,found_flares
55,4,1,5,325,1,Flare,found_flares
55,4,1,5,339,3,Flare,found_flares
55,4,1,5,419,5,Flare,found_flares
55,4,1,5,480,1,Flare,found_flares
55,4,1,5,507,1,Flare,found_flares
55,4,1,6,420,1,Flare,found_flares
55,1,1,1,382,1,CosmicRay,non_flares
55,1,1,1,1207,1,CosmicRay,non_flares
55,1,1,3,939,2,Flare,non_flares
55,1,1,3,1067,1,Flare,non_flares
55,1,1,3,1198,1,Systematic,non_flares
55,1,1,3,1199,1,Systematic,non_flares
55,1,1,3,1201,1,Systematic,non_flares
55,1,1,3,1203,1,Systematic,non_flares
55,1,1,4,969,2,Flare,non_flares
55,1,1,5,112,1,Flare,non_flares
55,1,1,5,1123,2,Systematic,non_flares
55,1,1,5,1174,1,Systematic,non_flares
55,1,1,6,93,1,Flare,non_flares
55,1,1,6,581,6,Junk,non_flares
55,1,1,9,1106,1,Junk,non_flares
55,1,1,11,135,1,Blend,non_flares
55,1,1,11,220,1,Flare,non_flares
55,1,1,11,585,1,Flare,non_flares
55,1,1,15,623,1,Flare,non_flares
55,1,1,17,47,2,Flare,non_flares
55,1,1,17,47,4,Flare,non_flares
55,1,1,22,304,1,Flare,non_flares
55,1,1,23,692,1,Flare,non_flares
55,1,1,24,776,1,Flare,non_flares
55,1,1,25,587,1,Flare,non_flares
55,1,1,34,802,2,Flare,non_flares
55,1,1,36,1075,1,CosmicRay,non_flares
55,1,1,38,736,1,Flare,non_flares
55,1,1,41,358,1,Flare,non_flares
55,1,1,43,947,2,Flare,non_flares
55,1,1,47,782,1,Systematic,non_flares
55,1,1,47,785,1,Systematic,non_flares
55,1,1,48,505,2,Flare,non_flares
55,1,1,49,138,2,Flare,non_flares
55,1,1,53,176,2,CosmicRay,non_flares
55,1,1,54,23,9,Flare,non_flares
55,1,1,54,405,2,Flare,non_flares
55,1,1,54,585,4,Flare,non_flares
55,1,1,55,952,1,Systematic,non_flares
55,1,1,56,42,8,Flare,non_flares
55,1,1,56,60,1,Junk,non_flares
55,1,1,56,61,1,Junk,non_flares
55,1,1,56,71,1,Junk,non_flares
55,1,1,57,663,2,Flare,non_flares
55,1,1,57,1389,1,Systematic,non_flares
55,1,1,60,88,2,Flare,non_flares
55,1,1,62,890,1,CosmicRay,non_flares
55,1,2,2,377,1,Flare,non_flares
55,1,2,2,783,1,Flare,non_flares
55,1,2,5,1011,1,Flare,non_flares
55,1,2,5,1209,1,Flare,non_flares
55,1,2,6,279,3,Flare,non_flares
55,1,2,9,1057,1,Flare,non_flares
55,1,2,9,1062,1,Junk,non_flares
55,1,2,11,139,1,Flare,non_flares
55,1,2,14,114,3,Flare,non_flares
55,1,2,14,924,1,Flare,non_flares
55,1,2,15,145,1,Flare,non_flares
55,1,2,17,864,1,Flare,non_flares
55,1,2,18,152,5,Flare,non_flares
55,1,2,19,1092,1,Blend,non_flares
55,1,2,23,10,2,Junk,non_flares
55,1,2,25,669,1,Flare,non_flares
55,1,2,28,85,19,Flare,non_flares
55,1,2,41,629,1,Junk,non_flares
55,1,2,41,676,1,Junk,non_flares
55,1,2,42,246,1,Flare,non_flares
55,1,2,43,458,1,CosmicRay,non_flares
55,1,2,51,68,1,Flare,non_flares
55,1,2,51,68,4,Flare,non_flares
55,1,2,52,140,1,Flare,non_flares
55,1,2,53,395,1,Flare,non_flares
55,1,2,54,39,2,Flare,non_flares
55,1,2,56,43,1,Flare,non_flares
55,1,2,56,733,1,Flare,non_flares
55,1,2,57,357,1,Flare,non_flares
55,1,2,59,552,1,Flare,non_flares
55,1,2,61,267,1,Flare,non_flares
55,1,2,63,220,1,Flare,non_flares
55,1,2,64,102,1,Flare,non_flares
55,1,2,64,622,1,Flare,non_flares
55,1,3,5,85,1,Flare,non_flares
55,1,3,9,384,1,Flare,non_flares
55,1,3,10,1281,1,Flare,non_flares
55,1,3,11,222,1,Flare,non_flares
55,1,3,11,260,1,Flare,non_flares
55,1,3,17,1272,1,Flare,non_flares
55,1,3,23,107,1,Flare,non_flares
55,1,3,25,181,1,Flare,non_flares
55,1,3,27,45,1,Flare,non_flares
55,1,3,28,453,2,Flare,non_flares
55,1,3,28,1620,1,Flare,non_flares
55,1,3,29,1694,2,CosmicRay,non_flares
55,1,3,30,9,11,CosmicRay,non_flares
55,1,3,31,734,1,Junk,non_flares
55,1,3,32,281,1,Flare,non_flares
55,1,3,32,1124,1,CosmicRay,non_flares
55,1,3,33,140,1,Flare,non_flares
55,1,3,33,1408,2,Flare,non_flares
55,1,3,37,2342,1,Systematic,non_flares
55,1,3,46,407,1,Flare,non_flares
55,1,3,47,1337,1,Flare,non_flares
55,1,3,49,617,1,Flare,non_flares
55,1,3,50,721,1,Flare,non_flares
55,1,3,50,733,1,Flare,non_flares
55,1,3,53,731,1,Flare,non_flares
55,1,3,55,838,1,Flare,non_flares
55,1,3,59,1306,1,Flare,non_flares
55,1,3,64,1167,1,Flare,non_flares
55,1,4,12,116,17,Flare,non_flares
55,1,4,12,1286,1,Flare,non_flares
55,1,4,15,166,2,Systematic,non_flares
55,1,4,17,2273,4,Flare,non_flares
55,1,4,18,543,2,CosmicRay,non_flares
55,1,4,22,241,1,Flare,non_flares
55,1,4,23,116,2,Flare,non_flares
55,1,4,23,846,1,Flare,non_flares
55,1,4,24,845,1,Flare,non_flares
55,1,4,25,816,1,Flare,non_flares
55,1,4,35,835,1,Systematic,non_flares
55,1,4,35,1317,2,Systematic,non_flares
55,1,4,37,148,1,Flare,non_flares
55,1,4,38,1035,1,Flare,non_flares
55,1,4,38,1069,1,Flare,non_flares
55,1,4,38,1073,2,CosmicRay,non_flares
55,1,4,39,88,1,Flare,non_flares
55,1,4,42,1068,1,Flare,non_flares
55,1,4,43,107,2,Flare,non_flares
55,1,4,43,356,1,Flare,non_flares
55,1,4,46,414,1,Flare,non_flares
55,1,4,48,312,9,CosmicRay,non_flares
55,1,4,48,489,1,Flare,non_flares
55,1,4,49,166,1,CosmicRay,non_flares
55,1,4,51,1335,1,Flare,non_flares
55,1,4,55,955,1,Flare,non_flares
55,1,4,60,69,38,Junk,non_flares
55,1,4,61,239,1,Flare,non_flares
55,1,4,61,1032,1,Flare,non_flares
55,1,4,62,1020,1,Flare,non_flares
55,1,4,63,106,6,Systematic,non_flares
55,1,4,63,1684,1,Systematic,non_flares
55,2,1,1,268,15,Flare,non_flares
55,2,1,1,1230,2,Flare,non_flares
55,2,1,2,1553,1,Flare,non_flares
55,2,1,2,1644,1,Systematic,non_flares
55,2,1,3,611,1,Flare,non_flares
55,2,1,4,585,3,Flare,non_flares
55,2,1,4,585,5,Flare,non_flares
55,2,1,4,585,6,Flare,non_flares
55,2,1,4,585,12,Flare,non_flares
55,2,1,4,634,1,Flare,non_flares
55,2,1,5,205,28,CosmicRay,non_flares
55,2,1,5,989,1,Flare,non_flares
55,2,1,5,1379,1,Flare,non_flares
55,2,1,8,501,1,Flare,non_flares
55,2,1,8,1377,1,Flare,non_flares
55,2,1,11,433,7,CosmicRay,non_flares
55,2,1,11,1011,1,Flare,non_flares
55,2,1,11,1011,2,Flare,non_flares
55,2,1,11,1011,3,Flare,non_flares
55,2,1,11,1011,4,Flare,non_flares
55,2,1,11,1500,1,Flare,non_flares
55,2,1,11,1590,1,Flare,non_flares
55,2,1,13,178,27,CosmicRay,non_flares
55,2,1,14,811,1,Flare,non_flares
55,2,1,14,1943,2,Junk,non_flares
55,2,1,15,845,1,Flare,non_flares
55,2,1,15,882,1,Flare,non_flares
55,2,1,15,920,1,Flare,non_flares
55,2,1,15,1181,2,Flare,non_flares
55,2,1,15,1714,1,Flare,non_flares
55,2,1,16,690,1,Flare,non_flares
55,2,1,17,628,1,Flare,non_flares
55,2,1,17,1117,1,Flare,non_flares
55,2,1,19,1191,1,Flare,non_flares
55,2,1,20,1462,1,Flare,non_flares
55,2,1,20,1465,1,Flare,non_flares
55,2,1,20,1533,1,Flare,non_flares
55,2,1,21,677,2,Flare,non_flares
55,2,1,24,1698,1,Flare,non_flares
55,2,1,24,1905,1,Flare,non_flares
55,2,1,25,453,4,Junk,non_flares
55,2,1,25,453,5,Junk,non_flares
55,2,1,25,453,6,Junk,non_flares
55,2,1,26,547,2,Flare,non_flares
55,2,1,26,1291,1,Flare,non_flares
55,2,1,27,769,1,Flare,non_flares
55,2,1,27,769,2,Flare,non_flares
55,2,1,28,1415,1,Flare,non_flares
55,2,1,29,161,31,Flare,non_flares
55,2,1,29,245,7,CosmicRay,non_flares
55,2,1,29,1664,1,Systematic,non_flares
55,2,1,30,564,1,Flare,non_flares
55,2,1,30,576,4,Flare,non_flares
55,2,1,34,771,1,Flare,non_flares
55,2,1,38,1755,1,Systematic,non_flares
55,2,1,41,1026,1,Flare,non_flares
55,2,1,43,1300,1,Flare,non_flares
55,2,1,44,1217,1,Flare,non_flares
55,2,1,45,1659,1,Flare,non_flares
55,2,1,48,1728,1,Flare,non_flares
55,2,1,50,334,1,Flare,non_flares
55,2,1,50,701,6,Flare,non_flares
55,2,1,50,1100,1,Flare,non_flares
55,2,1,51,477,3,Flare,non_flares
55,2,1,51,886,1,Flare,non_flares
55,2,1,51,1146,1,Flare,non_flares
55,2,1,53,1425,1,Flare,non_flares
55,2,1,55,852,1,Flare,non_flares
55,2,1,56,1508,1,Flare,non_flares
55,2,1,56,1543,1,Flare,non_flares
55,2,1,58,957,2,Flare,non_flares
55,2,1,61,1315,1,Flare,non_flares
55,2,1,62,34,36,CosmicRay,non_flares
55,2,1,62,545,2,Flare,non_flares
55,2,1,62,737,1,Flare,non_flares
55,2,1,62,1477,1,Junk,non_flares
55,2,1,63,1273,1,Flare,non_flares
55,2,1,64,1103,1,CosmicRay,non_flares
55,2,2,1,915,1,Flare,non_flares
55,2,2,2,1377,1,Flare,non_flares
55,2,2,2,1442,1,Flare,non_flares
55,2,2,3,374,31,Flare,non_flares
55,2,2,3,925,1,Flare,non_flares
55,2,2,4,678,1,Flare,non_flares
55,2,2,4,861,2,Flare,non_flares
55,2,2,4,1832,1,Flare,non_flares
55,2,2,5,1362,1,Flare,non_flares
55,2,2,5,1362,2,Flare,non_flares
55,2,2,5,1412,1,Flare,non_flares
55,2,2,5,1709,1,Flare,non_flares
55,2,2,5,1969,1,Flare,non_flares
55,2,2,7,747,3,Flare,non_flares
55,2,2,8,1504,1,Flare,non_flares
55,2,2,8,2262,1,Flare,non_flares
55,2,2,9,1026,1,Flare,non_flares
55,2,2,9,1218,2,Flare,non_flares
55,2,2,9,1496,2,CosmicRay,non_flares
55,2,2,9,1736,1,Blend,non_flares
55,2,2,10,1568,1,Flare,non_flares
55,2,2,10,1649,1,Systematic,non_flares
55,2,2,11,930,1,Flare,non_flares
55,2,2,11,961,1,Flare,non_flares
55,2,2,11,993,1,Flare,non_flares
55,2,2,11,1495,1,Flare,non_flares
55,2,2,12,635,1,Flare,non_flares
55,2,2,12,830,1,Flare,non_flares
55,2,2,12,1924,1,Flare,non_flares
55,2,2,13,1380,1,Flare,non_flares
55,2,2,14,1027,1,Flare,non_flares
55,2,2,14,1121,1,Flare,non_flares
55,2,2,14,1121,2,Flare,non_flares
55,2,2,15,1120,1,Flare,non_flares
55,2,2,15,1640,2,Flare,non_flares
55,2,2,16,1350,2,Flare,non_flares
55,2,2,16,1350,6,Flare,non_flares
55,2,2,16,1843,1,Flare,non_flares
55,2,2,18,1718,2,Flare,non_flares
55,2,2,18,1745,2,Flare,non_flares
55,2,2,18,1762,1,Flare,non_flares
55,2,2,21,512,1,Flare,non_flares
55,2,2,21,1614,1,Flare,non_flares
55,2,2,23,1367,1,Flare,non_flares
55,2,2,24,548,1,Flare,non_flares
55,2,2,25,845,1,CosmicRay,non_flares
55,2,2,27,520,1,Flare,non_flares
55,2,2,27,633,1,Flare,non_flares
55,2,2,28,1621,1,Flare,non_flares
55,2,2,28,1743,1,Flare,non_flares
55,2,2,29,580,1,Flare,non_flares
55,2,2,29,979,1,Flare,non_flares
55,2,2,29,979,2,Flare,non_flares
55,2,2,29,1596,1,Flare,non_flares
55,2,2,31,366,2,Flare,non_flares
55,2,2,33,1808,2,Flare,non_flares
55,2,2,34,1305,1,CosmicRay,non_flares
55,2,2,35,912,1,Flare,non_flares
55,2,2,36,1437,1,Flare,non_flares
55,2,2,38,23,25,Flare,non_flares
55,2,2,38,322,1,Flare,non_flares
55,2,2,38,908,2,Flare,non_flares
55,2,2,39,438,1,Flare,non_flares
55,2,2,40,699,1,Flare,non_flares
55,2,2,40,699,4,Flare,non_flares
55,2,2,40,1196,2,Flare,non_flares
55,2,2,40,1435,1,Flare,non_flares
55,2,2,41,1034,1,Flare,non_flares
55,2,2,41,1154,1,Flare,non_flares
55,2,2,43,1025,3,Flare,non_flares
55,2,2,44,1232,1,Flare,non_flares
55,2,2,45,1138,5,Flare,non_flares
55,2,2,45,1722,1,Flare,non_flares
55,2,2,47,1129,1,Flare,non_flares
55,2,2,47,1185,1,Flare,non_flares
55,2,2,48,585,6,Flare,non_flares
55,2,2,48,677,2,Flare,non_flares
55,2,2,48,1286,1,Flare,non_flares
55,2,2,48,1322,2,CosmicRay,non_flares
55,2,2,49,1603,1,Flare,non_flares
55,2,2,50,1428,1,Flare,non_flares
55,2,2,51,843,1,Flare,non_flares
55,2,2,51,1227,1,Junk,non_flares
55,2,2,52,1414,1,Flare,non_flares
55,2,2,53,1013,5,Flare,non_flares
55,2,2,54,244,1,Flare,non_flares
55,2,2,54,353,2,Flare,non_flares
55,2,2,54,353,4,Flare,non_flares
55,2,2,54,474,1,Flare,non_flares
55,2,2,54,474,2,Flare,non_flares
55,2,2,54,697,1,Flare,non_flares
55,2,2,56,77,50,Flare,non_flares
55,2,2,57,345,2,Flare,non_flares
55,2,2,59,1198,1,Flare,non_flares
55,2,2,60,669,1,Flare,non_flares
55,2,2,61,495,1,Flare,non_flares
55,2,2,61,1296,1,Flare,non_flares
55,2,2,62,645,3,Flare,non_flares
55,2,2,62,1384,1,Flare,non_flares
55,2,2,63,580,4,Flare,non_flares
55,2,2,63,1255,1,Flare,non_flares
55,2,2,63,1587,1,Flare,non_flares
55,2,2,63,1794,1,Flare,non_flares
55,2,3,1,469,2,Flare,non_flares
55,2,3,3,270,1,Flare,non_flares
55,2,3,3,270,3,Flare,non_flares
55,2,3,3,424,1,Flare,non_flares
55,2,3,4,589,1,Flare,non_flares
55,2,3,4,708,2,CosmicRay,non_flares
55,2,3,5,484,1,Flare,non_flares
55,2,3,6,293,1,Flare,non_flares
55,2,3,6,1077,1,Flare,non_flares
55,2,3,7,510,1,Flare,non_flares
55,2,3,9,1038,2,Flare,non_flares
55,2,3,9,1138,1,Flare,non_flares
55,2,3,10,201,1,Flare,non_flares
55,2,3,10,1217,1,Flare,non_flares
55,2,3,11,759,1,Flare,non_flares
55,2,3,12,1115,2,Flare,non_flares
55,2,3,13,142,1,Flare,non_flares
55,2,3,13,246,6,Flare,non_flares
55,2,3,13,709,1,Flare,non_flares
55,2,3,18,632,1,Flare,non_flares
55,2,3,18,632,2,Flare,non_flares
55,2,3,19,335,2,Flare,non_flares
55,2,3,21,282,2,Flare,non_flares
55,2,3,21,282,3,Flare,non_flares
55,2,3,22,689,1,Flare,non_flares
55,2,3,22,1051,1,Flare,non_flares
55,2,3,22,1063,1,Flare,non_flares
55,2,3,25,468,1,Flare,non_flares
55,2,3,25,1417,1,Flare,non_flares
55,2,3,27,1321,2,Flare,non_flares
55,2,3,27,1351,1,Flare,non_flares
55,2,3,28,146,4,Flare,non_flares
55,2,3,28,191,1,Flare,non_flares
55,2,3,28,483,1,Flare,non_flares
55,2,3,34,1513,1,Flare,non_flares
55,2,3,34,1532,1,Flare,non_flares
55,2,3,34,1605,1,Flare,non_flares
55,2,3,35,835,1,Flare,non_flares
55,2,3,36,224,39,Flare,non_flares
55,2,3,36,1530,1,Flare,non_flares
55,2,3,37,125,3,Flare,non_flares
55,2,3,37,214,1,Flare,non_flares
55,2,3,39,60,8,Flare,non_flares
55,2,3,39,690,2,Flare,non_flares
55,2,3,40,116,1,Flare,non_flares
55,2,3,41,482,3,Flare,non_flares
55,2,3,41,482,4,Flare,non_flares
55,2,3,41,482,6,Flare,non_flares
55,2,3,44,661,2,Flare,non_flares
55,2,3,46,117,1,Flare,non_flares
55,2,3,46,742,1,Flare,non_flares
55,2,3,48,841,1,Flare,non_flares
55,2,3,48,841,2,Flare,non_flares
55,2,3,48,1314,1,Flare,non_flares
55,2,3,49,1102,1,Flare,non_flares
55,2,3,49,1268,1,Flare,non_flares
55,2,3,50,1353,1,Flare,non_flares
55,2,3,52,154,2,Flare,non_flares
55,2,3,52,287,1,Flare,non_flares
55,2,3,52,1360,1,Flare,non_flares
55,2,3,53,184,2,Flare,non_flares
55,2,3,54,1506,1,Flare,non_flares
55,2,3,55,326,2,Flare,non_flares
55,2,3,55,326,3,Flare,non_flares
55,2,3,58,1296,1,Flare,non_flares
55,2,3,59,891,2,Flare,non_flares
55,2,3,59,1489,1,Flare,non_flares
55,2,3,59,1739,1,Flare,non_flares
55,2,3,61,1300,1,Flare,non_flares
55,2,4,9,1118,2,Flare,non_flares
55,2,4,11,240,1,Flare,non_flares
55,2,4,12,12,8,Flare,non_flares
55,2,4,12,134,1,Flare,non_flares
55,2,4,17,451,1,Flare,non_flares
55,2,4,20,84,25,Flare,non_flares
55,2,4,23,40,5,Flare,non_flares
55,2,4,24,131,3,Flare,non_flares
55,2,4,28,80,4,CosmicRay,non_flares
55,2,4,28,764,1,Flare,non_flares
55,2,4,30,396,1,CosmicRay,non_flares
55,2,4,33,68,3,Flare,non_flares
55,2,4,33,129,5,Flare,non_flares
55,2,4,37,722,9,Flare,non_flares
55,2,4,37,1089,1,Junk,non_flares
55,2,4,43,1109,2,Flare,non_flares
55,2,4,46,1032,1,Flare,non_flares
55,2,4,48,646,2,CosmicRay,non_flares
55,2,4,48,723,1,Flare,non_flares
55,2,4,50,492,5,Flare,non_flares
55,2,4,50,676,2,Flare,non_flares
55,2,4,54,203,3,Flare,non_flares
55,2,4,54,203,4,Flare,non_flares
55,2,4,56,789,2,Flare,non_flares
55,2,4,56,930,2,CosmicRay,non_flares
55,2,4,59,933,1,Flare,non_flares
55,2,4,59,1492,1,Flare,non_flares
55,2,4,59,1492,2,Flare,non_flares
55,2,4,60,904,1,CosmicRay,non_flares
55,2,4,60,913,1,Flare,non_flares
55,2,4,61,303,1,Flare,non_flares
55,2,4,61,398,1,CosmicRay,non_flares
55,2,4,62,361,1,Flare,non_flares
55,3,1,1,871,2,Flare,non_flares
55,3,1,1,1633,1,Flare,non_flares
55,3,1,2,1120,1,Flare,non_flares
55,3,1,3,1612,1,Flare,non_flares
55,3,1,4,923,1,Flare,non_flares
55,3,1,4,1420,1,Flare,non_flares
55,3,1,5,1931,1,Flare,non_flares
55,3,1,5,2054,1,Flare,non_flares
55,3,1,6,2143,1,Flare,non_flares
55,3,1,6,2193,1,Flare,non_flares
55,3,1,6,2196,1,Flare,non_flares
55,3,1,6,2252,1,Flare,non_flares
55,3,1,7,1421,2,Flare,non_flares
55,3,1,7,1601,2,Flare,non_flares
55,3,1,7,1632,1,Flare,non_flares
55,3,1,7,1721,1,Flare,non_flares
55,3,1,8,646,3,Flare,non_flares
55,3,1,8,668,1,Flare,non_flares
55,3,1,8,1196,1,Flare,non_flares
55,3,1,8,1315,1,Flare,non_flares
55,3,1,8,1349,1,Flare,non_flares
55,3,1,9,134,9,Asteroid,non_flares
55,3,1,9,696,1,Flare,non_flares
55,3,1,11,366,153,Flare,non_flares
55,3,1,12,1850,2,Flare,non_flares
55,3,1,13,1874,1,Flare,non_flares
55,3,1,14,1163,1,Flare,non_flares
55,3,1,14,1828,1,Flare,non_flares
55,3,1,15,755,2,Flare,non_flares
55,3,1,15,1584,3,Flare,non_flares
55,3,1,16,1581,1,Flare,non_flares
55,3,1,17,274,287,CosmicRay,non_flares
55,3,1,17,645,1,Flare,non_flares
55,3,1,17,878,2,Flare,non_flares
55,3,1,18,941,1,Flare,non_flares
55,3,1,18,998,1,Flare,non_flares
55,3,1,18,1511,1,Flare,non_flares
55,3,1,19,814,1,Flare,non_flares
55,3,1,19,814,3,Flare,non_flares
55,3,1,19,1497,1,Flare,non_flares
55,3,1,19,1562,1,Flare,non_flares
55,3,1,21,1876,1,Flare,non_flares
55,3,1,21,1906,1,Flare,non_flares
55,3,1,21,1999,1,Flare,non_flares
55,3,1,23,1629,1,Flare,non_flares
55,3,1,24,1409,1,Flare,non_flares
55,3,1,24,1680,1,Flare,non_flares
55,3,1,26,1024,1,Flare,non_flares
55,3,1,26,1089,1,Flare,non_flares
55,3,1,26,1230,1,Flare,non_flares
55,3,1,27,881,5,Flare,non_flares
55,3,1,27,1234,1,CosmicRay,non_flares
55,3,1,27,1482,1,Flare,non_flares
55,3,1,28,931,11,Flare,non_flares
55,3,1,28,1356,1,Flare,non_flares
55,3,1,29,269,49,CosmicRay,non_flares
55,3,1,29,1334,1,Flare,non_flares
55,3,1,29,1631,1,Flare,non_flares
55,3,1,30,1095,48,Flare,non_flares
55,3,1,31,1029,7,Flare,non_flares
55,3,1,31,1608,1,Flare,non_flares
55,3,1,31,1840,1,Flare,non_flares
55,3,1,32,934,1,Flare,non_flares
55,3,1,32,1635,1,Flare,non_flares
55,3,1,33,659,2,Flare,non_flares
55,3,1,33,690,1,Flare,non_flares
55,3,1,33,1095,1,Flare,non_flares
55,3,1,34,1075,1,Flare,non_flares
55,3,1,35,470,1,Flare,non_flares
55,3,1,36,1093,1,Flare,non_flares
55,3,1,36,1275,1,Flare,non_flares
55,3,1,36,1301,1,Flare,non_flares
55,3,1,36,1306,1,Flare,non_flares
55,3,1,36,1348,1,Flare,non_flares
55,3,1,37,270,21,Flare,non_flares
55,3,1,37,481,1,Flare,non_flares
55,3,1,37,857,2,Flare,non_flares
55,3,1,38,114,6,Flare,non_flares
55,3,1,38,1503,1,Flare,non_flares
55,3,1,39,1293,1,Flare,non_flares
55,3,1,39,1299,1,Flare,non_flares
55,3,1,42,868,1,Asteroid,non_flares
55,3,1,43,1229,1,Flare,non_flares
55,3,1,45,916,1,Flare,non_flares
55,3,1,45,1451,1,Flare,non_flares
55,3,1,46,1187,1,Flare,non_flares
55,3,1,47,1322,1,Flare,non_flares
55,3,1,47,1447,1,Flare,non_flares
55,3,1,48,1434,1,Flare,non_flares
55,3,1,49,342,13,Flare,non_flares
55,3,1,49,972,2,Flare,non_flares
55,3,1,50,623,2,Asteroid,non_flares
55,3,1,51,567,2,Asteroid,non_flares
55,3,1,52,773,1,Flare,non_flares
55,3,1,52,773,2,Flare,non_flares
55,3,1,52,804,1,Flare,non_flares
55,3,1,52,872,2,Flare,non_flares
55,3,1,53,1182,1,CosmicRay,non_flares
55,3,1,54,1014,2,Flare,non_flares
55,3,1,55,1195,1,Flare,non_flares
55,3,1,55,1223,1,Flare,non_flares
55,3,1,57,166,11,Flare,non_flares
55,3,1,57,342,31,Flare,non_flares
55,3,1,57,605,1,Flare,non_flares
55,3,1,58,996,1,Flare,non_flares
55,3,1,59,687,1,Asteroid,non_flares
55,3,1,59,1005,1,Flare,non_flares
55,3,1,60,1194,1,Flare,non_flares
55,3,1,61,1160,1,Flare,non_flares
55,3,1,62,1413,1,Flare,non_flares
55,3,1,63,987,7,Flare,non_flares
55,3,1,63,1373,1,Flare,non_flares
55,3,1,64,954,4,Flare,non_flares
55,3,1,64,1169,1,Flare,non_flares
55,3,2,2,285,287,CosmicRay,non_flares
55,3,2,2,609,1,Flare,non_flares
55,3,2,2,1043,1,Flare,non_flares
55,3,2,2,1045,1,Flare,non_flares
55,3,2,2,1078,1,Flare,non_flares
55,3,2,3,451,1,Flare,non_flares
55,3,2,3,556,2,Flare,non_flares
55,3,2,3,556,3,Flare,non_flares
55,3,2,3,984,1,Flare,non_flares
55,3,2,3,985,1,Flare,non_flares
55,3,2,4,994,2,Flare,non_flares
55,3,2,4,1173,2,Flare,non_flares
55,3,2,6,1058,1,Flare,non_flares
55,3,2,6,1060,1,Flare,non_flares
55,3,2,7,1311,1,Flare,non_flares
55,3,2,8,1485,1,Flare,non_flares
55,3,2,9,1056,1,Flare,non_flares
55,3,2,10,447,1,Flare,non_flares
55,3,2,10,690,5,Flare,non_flares
55,3,2,11,344,1,Flare,non_flares
55,3,2,11,1119,1,Flare,non_flares
55,3,2,12,520,1,Flare,non_flares
55,3,2,12,556,1,Flare,non_flares
55,3,2,13,439,63,Flare,non_flares
55,3,2,13,439,64,Flare,non_flares
55,3,2,13,1288,28,Flare,non_flares
55,3,2,13,1288,33,Flare,non_flares
55,3,2,13,1288,36,Flare,non_flares
55,3,2,14,722,1,Flare,non_flares
55,3,2,14,823,2,Flare,non_flares
55,3,2,14,880,1,Flare,non_flares
55,3,2,14,1026,1,Flare,non_flares
55,3,2,14,1301,1,Flare,non_flares
55,3,2,14,1306,1,Flare,non_flares
55,3,2,15,723,1,Flare,non_flares
55,3,2,17,946,2,Flare,non_flares
55,3,2,17,976,1,Flare,non_flares
55,3,2,17,1073,1,Flare,non_flares
55,3,2,17,1155,1,Flare,non_flares
55,3,2,17,1155,2,Flare,non_flares
55,3,2,18,431,73,Flare,non_flares
55,3,2,18,778,1,Flare,non_flares
55,3,2,20,994,1,Flare,non_flares
55,3,2,21,399,1,Flare,non_flares
55,3,2,21,515,1,Flare,non_flares
55,3,2,22,546,2,Flare,non_flares
55,3,2,22,1375,1,Flare,non_flares
55,3,2,23,225,191,Flare,non_flares
55,3,2,23,900,2,Flare,non_flares
55,3,2,23,1000,5,Flare,non_flares
55,3,2,23,1630,1,Flare,non_flares
55,3,2,24,808,1,Flare,non_flares
55,3,2,24,808,2,Flare,non_flares
55,3,2,24,1322,5,Flare,non_flares
55,3,2,24,1712,1,Flare,non_flares
55,3,2,27,676,1,Flare,non_flares
55,3,2,27,888,1,Flare,non_flares
55,3,2,28,747,1,Flare,non_flares
55,3,2,28,1096,1,Flare,non_flares
55,3,2,29,633,3,Flare,non_flares
55,3,2,29,1704,1,Flare,non_flares
55,3,2,30,1847,1,Flare,non_flares
55,3,2,30,1972,1,Flare,non_flares
55,3,2,31,1830,1,Flare,non_flares
55,3,2,31,1872,1,Flare,non_flares
55,3,2,32,555,15,Flare,non_flares
55,3,2,32,716,1,Flare,non_flares
55,3,2,32,1193,1,Flare,non_flares
55,3,2,32,1312,1,Flare,non_flares
55,3,2,33,238,4,Flare,non_flares
55,3,2,33,381,9,Flare,non_flares
55,3,2,33,810,1,Flare,non_flares
55,3,2,33,1173,1,Flare,non_flares
55,3,2,34,455,39,Flare,non_flares
55,3,2,34,1076,1,Flare,non_flares
55,3,2,35,652,2,Flare,non_flares
55,3,2,35,1945,1,Flare,non_flares
55,3,2,38,1015,1,Flare,non_flares
55,3,2,38,1868,1,Flare,non_flares
55,3,2,38,1932,1,Flare,non_flares
55,3,2,39,1099,1,Flare,non_flares
55,3,2,39,1503,1,Flare,non_flares
55,3,2,39,1601,2,Flare,non_flares
55,3,2,40,768,1,Flare,non_flares
55,3,2,40,990,2,Flare,non_flares
55,3,2,40,990,4,Flare,non_flares
55,3,2,40,1490,1,Flare,non_flares
55,3,2,41,790,1,Flare,non_flares
55,3,2,41,1292,1,Flare,non_flares
55,3,2,44,1381,1,Flare,non_flares
55,3,2,45,631,1,Flare,non_flares
55,3,2,46,546,1,Flare,non_flares
55,3,2,46,1574,1,Flare,non_flares
55,3,2,47,1188,1,Flare,non_flares
55,3,2,47,1404,1,Flare,non_flares
55,3,2,47,1409,1,Flare,non_flares
55,3,2,48,838,1,Flare,non_flares
55,3,2,49,187,106,Flare,non_flares
55,3,2,50,1339,2,Flare,non_flares
55,3,2,51,386,39,Flare,non_flares
55,3,2,51,676,20,Flare,non_flares
55,3,2,52,1386,1,Flare,non_flares
55,3,2,52,1403,1,Flare,non_flares
55,3,2,53,531,2,Flare,non_flares
55,3,2,53,1477,1,CosmicRay,non_flares
55,3,2,54,1453,1,Flare,non_flares
55,3,2,54,1578,1,Flare,non_flares
55,3,2,55,1691,3,Flare,non_flares
55,3,2,55,1762,1,Flare,non_flares
55,3,2,56,161,21,Flare,non_flares
55,3,2,56,753,1,Flare,non_flares
55,3,2,56,753,3,Flare,non_flares
55,3,2,56,765,1,Flare,non_flares
55,3,2,56,861,1,Flare,non_flares
55,3,2,56,861,2,Flare,non_flares
55,3,2,56,885,1,Flare,non_flares
55,3,2,58,1058,1,Flare,non_flares
55,3,2,58,1463,1,Flare,non_flares
55,3,2,58,1618,1,Flare,non_flares
55,3,2,59,1203,1,Flare,non_flares
55,3,2,59,1271,1,Flare,non_flares
55,3,2,59,1358,1,Flare,non_flares
55,3,2,60,1130,1,CosmicRay,non_flares
55,3,2,60,1357,1,Flare,non_flares
55,3,2,61,1579,1,Flare,non_flares
55,3,2,62,1460,1,Flare,non_flares
55,3,2,63,343,7,Flare,non_flares
55,3,2,63,420,1,Flare,non_flares
55,3,2,64,89,11,Junk,non_flares
55,3,2,64,415,1,Flare,non_flares
55,3,2,64,519,3,Flare,non_flares
55,3,2,64,587,1,Flare,non_flares
55,3,2,64,689,1,Flare,non_flares
55,3,3,4,572,3,Flare,non_flares
55,3,3,6,571,2,Flare,non_flares
55,3,3,9,262,1,Flare,non_flares
55,3,3,9,346,1,Flare,non_flares
55,3,3,10,656,1,Flare,non_flares
55,3,3,11,878,2,Flare,non_flares
55,3,3,11,937,1,Flare,non_flares
55,3,3,14,980,1,Flare,non_flares
55,3,3,15,511,11,Flare,non_flares
55,3,3,18,862,1,Flare,non_flares
55,3,3,19,947,1,Flare,non_flares
55,3,3,19,955,1,Flare,non_flares
55,3,3,21,1235,1,Flare,non_flares
55,3,3,22,1243,1,Flare,non_flares
55,3,3,22,1375,1,Flare,non_flares
55,3,3,23,375,1,Flare,non_flares
55,3,3,27,528,2,Flare,non_flares
55,3,3,27,528,4,Flare,non_flares
55,3,3,27,528,6,Flare,non_flares
55,3,3,27,643,1,Flare,non_flares
55,3,3,27,1083,1,Flare,non_flares
55,3,3,28,994,1,Flare,non_flares
55,3,3,28,1025,1,Flare,non_flares
55,3,3,33,337,1,Flare,non_flares
55,3,3,33,359,2,Flare,non_flares
55,3,3,33,589,1,Flare,non_flares
55,3,3,33,589,2,Flare,non_flares
55,3,3,33,693,1,Flare,non_flares
55,3,3,33,954,1,Flare,non_flares
55,3,3,34,805,1,Flare,non_flares
55,3,3,35,1062,1,Flare,non_flares
55,3,3,35,1074,1,Flare,non_flares
55,3,3,35,1119,1,Flare,non_flares
55,3,3,35,1138,1,Flare,non_flares
55,3,3,38,576,1,Flare,non_flares
55,3,3,40,1487,1,CosmicRay,non_flares
55,3,3,41,840,1,Flare,non_flares
55,3,3,41,849,1,Flare,non_flares
55,3,3,41,854,2,Flare,non_flares
55,3,3,42,175,5,Flare,non_flares
55,3,3,42,1130,1,Flare,non_flares
55,3,3,42,1176,1,Flare,non_flares
55,3,3,43,718,1,Flare,non_flares
55,3,3,43,1159,1,Flare,non_flares
55,3,3,47,415,1,Flare,non_flares
55,3,3,47,1274,1,Flare,non_flares
55,3,3,48,484,5,Flare,non_flares
55,3,3,48,806,4,Flare,non_flares
55,3,3,49,396,9,Flare,non_flares
55,3,3,49,564,1,CosmicRay,non_flares
55,3,3,49,760,1,Flare,non_flares
55,3,3,49,950,1,Flare,non_flares
55,3,3,50,575,1,Flare,non_flares
55,3,3,50,1195,1,Flare,non_flares
55,3,3,51,876,3,Flare,non_flares
55,3,3,51,1122,1,Flare,non_flares
55,3,3,51,1122,2,Flare,non_flares
55,3,3,51,1364,1,Flare,non_flares
55,3,3,55,151,3,Flare,non_flares
55,3,3,56,1388,1,Flare,non_flares
55,3,3,56,1427,1,Flare,non_flares
55,3,3,57,520,1,Flare,non_flares
55,3,3,57,927,1,Flare,non_flares
55,3,3,58,609,1,Flare,non_flares
55,3,3,58,801,1,Flare,non_flares
55,3,3,58,801,3,Flare,non_flares
55,3,3,58,868,1,Flare,non_flares
55,3,3,58,988,1,Flare,non_flares
55,3,3,58,997,2,CosmicRay,non_flares
55,3,3,59,1484,1,Flare,non_flares
55,3,3,61,1616,1,Flare,non_flares
55,3,3,62,483,6,Flare,non_flares
55,3,3,62,1272,1,Flare,non_flares
55,3,3,62,1445,1,Flare,non_flares
55,3,3,63,135,40,Flare,non_flares
55,3,3,63,135,45,Flare,non_flares
55,3,3,63,1466,1,Flare,non_flares
55,3,3,64,1375,2,CosmicRay,non_flares
55,3,3,64,1462,1,Flare,non_flares
55,3,4,2,105,1,Junk,non_flares
55,3,4,2,105,2,Junk,non_flares
55,3,4,2,105,3,Junk,non_flares
55,3,4,2,105,5,Junk,non_flares
55,3,4,2,105,10,Junk,non_flares
55,3,4,2,105,17,Junk,non_flares
55,3,4,2,170,1,Flare,non_flares
55,3,4,2,1085,2,Flare,non_flares
55,3,4,2,1176,1,Flare,non_flares
55,3,4,2,1216,1,Flare,non_flares
55,3,4,5,84,10,Flare,non_flares
55,3,4,5,352,2,Flare,non_flares
55,3,4,9,709,1,Flare,non_flares
55,3,4,10,110,1,Junk,non_flares
55,3,4,10,110,2,Junk,non_flares
55,3,4,10,110,3,Junk,non_flares
55,3,4,10,110,5,Junk,non_flares
55,3,4,10,110,10,Junk,non_flares
55,3,4,10,110,16,Junk,non_flares
55,3,4,10,110,17,Junk,non_flares
55,3,4,12,547,1,Flare,non_flares
55,3,4,17,1107,1,Flare,non_flares
55,3,4,18,221,1,Flare,non_flares
55,3,4,18,339,1,Flare,non_flares
55,3,4,20,109,15,CosmicRay,non_flares
55,3,4,20,299,2,Flare,non_flares
55,3,4,21,830,2,Systematic,non_flares
55,3,4,23,425,1,Flare,non_flares
55,3,4,24,321,1,Flare,non_flares
55,3,4,25,1501,1,Flare,non_flares
55,3,4,26,1449,1,Systematic,non_flares
55,3,4,27,1251,1,Systematic,non_flares
55,3,4,28,632,14,CosmicRay,non_flares
55,3,4,28,979,1,Flare,non_flares
55,3,4,29,255,1,Asteroid,non_flares
55,3,4,34,1268,1,Flare,non_flares
55,3,4,35,430,1,Flare,non_flares
55,3,4,37,565,2,Flare,non_flares
55,3,4,37,565,3,Flare,non_flares
55,3,4,38,198,1,Flare,non_flares
55,3,4,40,93,45,Flare,non_flares
55,3,4,40,213,2,Flare,non_flares
55,3,4,40,583,1,Flare,non_flares
55,3,4,41,579,1,Flare,non_flares
55,3,4,42,1173,2,Junk,non_flares
55,3,4,43,176,47,CosmicRay,non_flares
55,3,4,43,539,1,Flare,non_flares
55,3,4,44,980,1,Flare,non_flares
55,3,4,46,487,2,CosmicRay,non_flares
55,3,4,46,618,1,Flare,non_flares
55,3,4,47,550,1,Flare,non_flares
55,3,4,48,271,1,Flare,non_flares
55,3,4,49,192,2,Flare,non_flares
55,3,4,49,461,1,Flare,non_flares
55,3,4,50,702,2,Flare,non_flares
55,3,4,50,895,2,Flare,non_flares
55,3,4,51,225,1,Flare,non_flares
55,3,4,51,300,2,Flare,non_flares
55,3,4,51,1156,1,Flare,non_flares
55,3,4,51,1204,1,Flare,non_flares
55,3,4,54,423,2,Asteroid,non_flares
55,3,4,54,436,1,Asteroid,non_flares
55,3,4,54,729,2,Flare,non_flares
55,3,4,55,361,2,CosmicRay,non_flares
55,3,4,55,494,1,Flare,non_flares
55,3,4,57,1021,1,Flare,non_flares
55,3,4,58,535,1,Flare,non_flares
55,3,4,61,898,1,Flare,non_flares
55,3,4,62,549,5,Flare,non_flares
55,3,4,62,882,1,Flare,non_flares
55,3,4,63,907,1,Flare,non_flares
55,3,4,64,201,36,Flare,non_flares
55,4,1,1,354,1,Flare,non_flares
55,4,1,4,448,1,Flare,non_flares
55,4,1,5,219,8,Flare,non_flares
55,4,1,7,596,4,CosmicRay,non_flares
55,4,1,8,264,3,Flare,non_flares
55,4,1,11,288,2,Flare,non_flares
55,4,1,12,403,1,CosmicRay,non_flares
55,4,1,13,179,1,Junk,non_flares
55,4,1,13,179,2,Junk,non_flares
55,4,1,13,179,3,Junk,non_flares
55,4,1,13,179,4,Junk,non_flares
55,4,1,13,179,5,Junk,non_flares
55,4,1,13,179,7,Junk,non_flares
55,4,1,13,179,8,Junk,non_flares
55,4,1,13,179,9,Junk,non_flares
55,4,1,13,179,11,Junk,non_flares
55,4,1,13,179,12,Junk,non_flares
55,4,1,13,179,13,Junk,non_flares
55,4,1,13,179,14,Junk,non_flares
55,4,1,13,179,15,Junk,non_flares
55,4,1,13,179,16,Junk,non_flares
55,4,1,13,179,19,Junk,non_flares
55,4,1,13,179,20,Junk,non_flares
55,4,1,13,179,22,Junk,non_flares
55,4,1,15,771,1,Flare,non_flares
55,4,1,18,206,1,Flare,non_flares
55,4,1,23,606,1,Flare,non_flares
55,4,1,23,650,1,Flare,non_flares
55,4,1,25,323,1,Flare,non_flares
55,4,1,26,380,1,Flare,non_flares
55,4,1,32,339,1,Flare,non_flares
55,4,1,32,646,1,Flare,non_flares
55,4,1,33,56,5,Flare,non_flares
55,4,1,33,153,4,Flare,non_flares
55,4,1,33,297,2,CosmicRay,non_flares
55,4,1,34,218,1,Flare,non_flares
55,4,1,35,417,3,Flare,non_flares
55,4,1,37,321,1,Flare,non_flares
55,4,1,37,402,1,Flare,non_flares
55,4,1,40,344,1,Flare,non_flares
55,4,1,41,144,3,Flare,non_flares
55,4,1,41,264,2,Flare,non_flares
55,4,1,42,265,2,Flare,non_flares
55,4,1,42,890,3,Flare,non_flares
55,4,1,50,160,1,Flare,non_flares
55,4,1,51,445,1,Flare,non_flares
55,4,1,53,17,10,Flare,non_flares
55,4,1,53,17,13,Flare,non_flares
55,4,1,53,346,1,CosmicRay,non_flares
55,4,1,56,654,1,Flare,non_flares
55,4,1,58,203,1,Flare,non_flares
55,4,1,58,203,2,Flare,non_flares
55,4,1,58,203,3,Flare,non_flares
55,4,1,58,203,7,Flare,non_flares
55,4,1,59,142,1,Flare,non_flares
55,4,1,59,190,3,Flare,non_flares
55,4,1,59,190,4,Flare,non_flares
55,4,1,59,317,3,Junk,non_flares
55,4,1,59,317,5,Junk,non_flares
55,4,1,59,317,7,Junk,non_flares
55,4,1,59,317,9,Junk,non_flares
55,4,1,59,317,10,Junk,non_flares
55,4,1,61,252,2,CosmicRay,non_flares
55,4,1,61,732,1,Flare,non_flares
55,4,2,6,277,2,Flare,non_flares
55,4,2,8,341,17,Flare,non_flares
55,4,2,9,320,1,Flare,non_flares
55,4,2,10,135,69,Flare,non_flares
55,4,2,11,334,7,Flare,non_flares
55,4,2,11,628,1,Flare,non_flares
55,4,2,11,657,1,Flare,non_flares
55,4,2,15,339,34,Flare,non_flares
55,4,2,22,556,1,Flare,non_flares
55,4,2,22,586,1,Flare,non_flares
55,4,2,23,673,1,Flare,non_flares
55,4,2,35,812,1,Flare,non_flares
55,4,2,38,303,1,Flare,non_flares
55,4,2,39,368,1,Flare,non_flares
55,4,2,42,350,1,Flare,non_flares
55,4,2,43,195,2,Flare,non_flares
55,4,2,43,195,5,Flare,non_flares
55,4,2,43,512,2,CosmicRay,non_flares
55,4,2,44,397,5,Flare,non_flares
55,4,2,49,488,1,Junk,non_flares
55,4,2,56,275,22,Flare,non_flares
55,4,2,58,261,2,CosmicRay,non_flares
55,4,2,59,758,1,Flare,non_flares
55,4,2,60,728,5,Flare,non_flares
55,4,2,63,486,1,Flare,non_flares
55,4,2,64,553,1,Flare,non_flares
55,4,3,4,2133,2,Systematic,non_flares
55,4,3,5,87,90,Flare,non_flares
55,4,3,6,176,4,Flare,non_flares
